candidate_id,seq,label,skip_reason,take_reason,F1,F2,F3,F4,F5,F6,F7,F8,F9,F10,F11,F13,F14,F15,F12_session,F12_weekday,F12_hour
2012-04-12 04:00:00,0,SKIP,7,,-1,-0.56082995689295279,0.89800199664817026,0.092292456734321432,0.0052099070238221315,0.8529461914115587,5.2647368366428484,2.1411848358312908,1,1,6.1176830280543237,0.10638297872336823,16,0.248,1,3,4
2019-08-19 13:00:00,1,SKIP,4,,-1,-0.27241379763510215,0.49826036040848043,0.11019913126795639,0.045517429668496028,0.80017562752144489,3.1414302413804576,2.0943360089239942,2,0.5,3.9119697345492415,0.10810810810810448,17,0.54000000000000004,3,0,13
2018-05-03 13:00:00,2,TAKE,,A,1,0.54886259262826798,0.11534779680131239,-0.0179008566926829,0.13850573888965542,0.061710801590448651,2.8386968731571738,1.0891010930584202,2,0.40000000000000002,3.3015278850849907,0.022727272727284472,0,0.76200000000000001,3,3,13
2019-10-25 03:00:00,3,SKIP,3,,1,-0.0031800584726729155,0.31610711419778742,-0.37695837252224301,0.069014448705524964,0.10583978251151295,2.381395106508684,0.60572053073003773,4,1,4.9215498867845815,0.083333333333318535,50,0.017999999999999999,1,4,3
2015-11-20 13:00:00,4,TAKE,,A,-1,-0.88370841237739639,-0.27288055645920006,0.013370495572337906,0.13030254416971238,0.67055646150629722,2.112252853744566,1.1111404978221069,7,0.80000000000000004,2.7492814921754634,0.33928571428570886,48,0.40600000000000003,3,4,13
2017-07-24 09:00:00,5,TAKE,,A,-1,0.15997280358930702,-0.1835649535590147,0.34603454273506373,0.055101683150674062,0.5619868143470832,2.9597972222277162,1.3116641938517428,3,0.40000000000000002,3.484318248951618,0.034482758620706551,36,0.80400000000000005,2,0,9
2012-02-09 11:00:00,6,TAKE,,C,1,-0.16470939873738602,0.54950460294261338,0.15035652744675435,0.071281097013650763,0.53640953469147901,3.9880882796624717,1.9231906179882508,4,0.69999999999999996,4.5011756606716693,0.25373134328356817,46,0.40400000000000003,2,3,11
2013-08-05 12:00:00,7,TAKE,,A,1,0.54224225740556997,-0.35852913680665616,-0.035043520539293993,0.17183319679765113,0.3829300549362577,2.4588140369587874,0.66817879804458935,3,0.5,4.1114595372097638,0.39130434782609502,7,0.91000000000000003,3,0,12
2011-06-15 11:00:00,8,TAKE,,A,-1,-0.26375807325097517,0.25430772543497859,-0.010035951366086515,0.17317174669875904,0.57323454052628398,2.7481538266404493,2.068690061284749,6,0.69999999999999996,3.3045285277394587,0.24812030075188676,23,0.624,2,2,11
2020-01-10 07:00:00,9,SKIP,4,,-1,0.33866031012162778,-0.34549251789758567,0.27715942458660248,0.035862999197868548,0.37594152437516126,3.797009396188824,0.76065566737961177,1,1,4.4737041400640285,0.23076923076920275,48,0.67200000000000004,1,4,7
2017-11-13 10:00:00,10,SKIP,3,,1,1.3818697358796772,-0.27145920082731601,0.085635822124379937,0.063245231879271946,0.98353834806700235,1.7047998033158984,1.0550761065311545,3,0.80000000000000004,2.8194765977916978,0.53846153846153,20,0.14599999999999999,2,0,10
2016-10-12 03:00:00,11,TAKE,,A,1,0.90180343103779326,0.098790455196432453,0.042759779434742927,0.073364014599575866,0.048494987430476297,3.1036791955466927,0.66942205966078361,5,1,5.5769235544979514,0,1,0.122,1,2,3
2020-12-15 05:00:00,12,SKIP,4,,1,0.92125056123034443,0.082008009738747112,0.050090374702494833,0.15051692222591181,0.47033806123862726,4.9566395684374891,1.3498133919856612,4,1,6.3314739012887422,0.37499999999999167,0,0.40600000000000003,1,1,5
2016-08-03 11:00:00,13,SKIP,1,,-1,-1.4552543350097826,0.11347470974037574,0.24118139534444305,0.064366641375630418,0.76076511701808114,3.1039216774335157,1.7910277424317476,3,0.69999999999999996,3.8342561897708176,0.19047619047619127,0,0.84799999999999998,2,2,11
2021-09-22 03:00:00,14,TAKE,,A,1,0.44544995793554781,0.20120795357101312,0.25251358724328654,0.084965230687982868,0.47962657070250969,4.8282408117379738,1.6100640482728847,2,0.10000000000000001,6.2671205238452758,0.56000000000000227,1,0.25600000000000001,1,2,3
2021-12-03 09:00:00,15,SKIP,3,,-1,-1.0438540681320274,0.71475252681399792,0.16964043836273859,-0.010790459703827329,0.072499617259983162,4.5384760404751976,1.5371578872346892,1,0.90000000000000002,4.5964757342831755,0.07142857142855874,15,0.754,2,4,9
2014-03-14 04:00:00,16,SKIP,3,,-1,-0.15333198082124214,-0.076923688223806241,0.11668073865030207,-0.016860293598465716,0.17210951523506265,2.4525605920974876,0.28790782101085277,5,1,4.0876009868291456,0,50,0.071999999999999995,1,4,4
2011-10-21 08:00:00,17,TAKE,,B,1,0.271890744332354,0.11709313985562136,0.20597871966293402,0.069260361779386298,0.39872448418809681,4.685012689209394,1.7294878148683719,8,0.5,5.067123653222934,0.18400000000000319,0,0.38200000000000001,2,4,8
2013-10-14 12:00:00,18,SKIP,7,,-1,-0.49506289533530284,-0.09537104758170066,0.036162134369942062,0.10045012055637731,0.55389720349150684,2.5027947713317653,1.4944573094061508,5,0.59999999999999998,3.118236108544489,0.23636363636363919,5,0.97799999999999998,3,0,12
2014-05-16 13:00:00,19,TAKE,,C,1,0.012657280717009776,0.35545415832111688,0.23765082973085105,0.073419490546185337,0.33390682934516741,3.1721148787774891,1.6433185286284511,3,0.5,3.4642833544543326,0.27999999999997272,2,0.34399999999999997,3,4,13
2010-09-23 12:00:00,20,SKIP,7,,-1,-0.26231291199203111,-0.26796783343961439,0.1130622939650064,0.21242719057184536,0.47065274858519934,3.1922534251863217,1.6323545453334065,1,0.59999999999999998,3.6424430107895178,0.20370370370370297,50,0.86199999999999999,3,3,12
2013-06-10 11:00:00,21,SKIP,7,,1,0.073673596971230618,-0.09417083955588551,-0.28952534109282185,0.099337335917220479,0.51455416931376863,1.7437669071186774,0.73950330483661941,2,0.69999999999999996,3.2874294150597803,0.21794871794871981,2,0.33600000000000002,2,0,11
2015-07-28 08:00:00,22,SKIP,7,,-1,-1.4689365198655762,-0.40293493578217543,0.21037504686479078,0.10332270437310768,0.075608010120554653,2.7218883643366367,0.61486645823173081,1,1,4.3474605819265477,0.027027027027003152,50,0.218,2,1,8
2011-11-08 04:00:00,23,TAKE,,C,1,0.81137957896199875,0.55073441658702871,0.0058963156868423443,0.042307009758201571,0.2471720984534142,3.9927800519385874,1.8645873182350998,0,1,4.2209389120493732,0.11111111111111549,19,0.22,1,1,4
2018-08-09 09:00:00,24,TAKE,,A,-1,-0.048369670145406787,-0.60399335772419183,0.33948822862449124,0.062616593212556207,0.45010923929547214,2.8292580755712717,0.52524743526249229,1,0.90000000000000002,3.2472166549170085,0.2826086956521679,25,0.53600000000000003,2,3,9
2021-02-10 04:00:00,25,SKIP,3,,1,1.5041841817826471,0.23494718291839528,-0.061264227647200027,0.039390374491967306,0.089999014757121673,4.904946304260605,0.69128149722622834,5,1,5.5799389149386656,0.052631578947358579,14,0.16600000000000001,1,2,4
2015-09-03 10:00:00,26,TAKE,,A,1,-0.054281738735042669,0.49295351723253178,0.097366205255245503,0.076432265104481575,0.3110860789036991,3.9819018099667294,2.2535729516159542,0,0.80000000000000004,4.2774335849251939,0.13868613138686064,18,0.89200000000000002,2,3,10
2019-01-23 05:00:00,27,TAKE,,A,1,0.61812966330858277,0.13288798433507623,0.30754416343407154,-0.044875275606640251,0.18606368840151211,5.2097832752404356,1.0124926930526659,3,0,5.5446979143630202,0.072727272727271558,2,0.056000000000000001,1,2,5
2014-03-13 07:00:00,28,SKIP,3,,-1,0.016715623954479876,-0.48867328536548682,0.26335622640610329,0.03262090152201149,0.18860102552819966,2.6718478616481551,0.35221367825146077,1,1,5.0922276892587996,0.1111111111111041,50,0.58399999999999996,1,3,7
2018-10-03 03:00:00,29,SKIP,3,,1,1.2113492119252238,0.25211004162968487,-0.098006548594325726,0.096624801510810543,0.2524370343278296,2.0699836814877148,0.98077739772546535,6,1,3.7360681080510028,0.33333333333329385,50,0.082000000000000003,1,2,3
2020-02-19 11:00:00,30,SKIP,5,,-1,-0.74512143110943085,0.98480537782444921,0.11282422393376172,-0.037166072811787618,0.26051055091920838,4.5403267445914341,2.2643989060005589,0,0.69999999999999996,4.7636215025221693,0.037735849056609594,19,0.27600000000000002,2,2,11
2021-01-11 11:00:00,31,SKIP,3,,1,1.0299761383956123,0.14314524334342824,-0.11329814530700576,0.093509738533158471,0.22968434784968803,1.8702868324901203,1.050575204299762,8,0.59999999999999998,4.1015062116011389,0.13333333333333755,50,0.64400000000000002,2,0,11
2012-01-27 05:00:00,32,SKIP,3,,1,0.0098133430144201322,-0.12038316645984376,-0.081125838504361586,0.12731541338242444,0.12049160453073621,2.4580287324250185,0.84058575574362937,2,1,5.4462205247849207,0.070175438596527973,9,0.26800000000000002,1,4,5
2020-08-10 04:00:00,33,SKIP,3,,1,0.37175226652519938,0.13584433443060856,0.2050645086547685,-0.038415377095611547,0.080724249736998113,3.2289699894794084,0.80509671170871022,3,1,4.3994716106656941,0,3,0.38,1,0,4
2017-03-07 06:00:00,34,SKIP,7,,-1,-0.11061757940648873,0.25998740303324935,0.072352993300220991,0.095554838109186677,0.51658146502278923,2.0663258600908359,1.6088982365650488,4,0.90000000000000002,3.4869248889032765,0.14285714285711384,20,0.20799999999999999,1,1,6
2015-05-14 10:00:00,35,TAKE,,A,1,0.81030324936105946,-0.076913093468699956,0.11696037522358141,0.0095674147225360568,0.32738365635964178,2.1552757377006553,0.74289611912667175,3,0.80000000000000004,4.7470630172140886,0.20754716981131924,18,0.5,2,3,10
2017-09-13 05:00:00,36,TAKE,,A,1,0.140834692978175,0.35800255867677072,0.041483060186122078,0.14036071671248751,0.35789030246928699,4.1753868621405088,2.0995756439943021,4,0.90000000000000002,4.4736287808648587,0.15625000000001318,21,0.20799999999999999,1,2,5
2010-10-06 11:00:00,37,SKIP,7,,1,0.64149279304849771,0.34414391065822048,-0.082109535680368911,0.068693601825962819,0.19333417828253829,2.5616778622432372,1.2412824354230703,4,0.69999999999999996,3.0691800802348062,0.083333333333324877,33,0.624,2,2,11
2012-11-06 09:00:00,38,TAKE,,C,-1,-0.95430054324885416,0.74212396301773931,0.24828110703827733,0.05184375587182221,0.31647993253483087,4.6608862791481602,2.4350066391285363,1,0.90000000000000002,4.9485953087251895,0.12987012987012317,17,0.20399999999999999,2,1,9
2018-02-22 09:00:00,39,TAKE,,A,-1,-0.32346551302902432,0.24991938279976772,0.29883025102309524,0.099806651342765396,0.21001325735033632,3.9482492381837324,1.8367687726519204,2,0.90000000000000002,4.6622943131744163,0.11764705882352819,1,0.19800000000000001,2,3,9
2020-06-29 06:00:00,40,TAKE,,A,1,0.59212193928703039,-0.32512194982459341,0.12262731688567784,0.17021923922102056,0.054936225974541723,2.3897258298921846,0.86292026110926201,1,1,3.1863011065229125,0.020000000000010232,19,0.17999999999999999,1,0,6
2015-07-10 03:00:00,41,SKIP,3,,-1,-1.1344165610651349,0.69393570842446317,0.12661476367586089,0.053096573160050231,0.46095621515537116,3.9316853645598298,2.2085891221454172,0,1,4.3655265082353871,0.38095238095237127,25,0.72799999999999998,1,4,3
2011-06-22 10:00:00,42,SKIP,3,,-1,-0.70300185001584425,0.19215098656693233,0.1058414622714048,0.14711691283767708,0.36454264333028513,4.1250878061049656,2.2614529566033839,8,0.40000000000000002,4.4704439945230705,0.13333333333333755,0,0.42199999999999999,2,2,10
2012-10-19 07:00:00,43,SKIP,3,,-1,-0.21009666626459059,0.14082934638441175,0.037969893603739403,0.0069500003795829636,0.75755147727402539,4.8207821281068561,1.042087886304716,3,1,6.714660821291675,0.21739130434782339,13,0.017999999999999999,1,4,7
2017-04-18 10:00:00,44,TAKE,,A,1,0.74965780709469698,-0.58077286413908058,-0.0064438251727160674,0.1969590408185854,0.28593202037636167,2.5733881833866863,0.49225443624980536,1,0.80000000000000004,3.7171162648918488,0.11764705882352572,21,0.35399999999999998,2,1,10
2016-02-12 11:00:00,45,TAKE,,A,-1,-0.77625860560037263,0.45715246833089629,0.21772219573349558,0.13938199541053153,0.2463253281016867,5.1349356858111292,2.6266835091792862,5,0.69999999999999996,5.3623129117511148,0.082191780821920871,15,0.94199999999999995,2,4,11
2016-04-12 04:00:00,46,SKIP,3,,1,0.090446449348242072,0.5753388218763823,-0.063075097126100516,0.14409870943582856,0.035616138377688081,4.6657141274647884,1.7460046987250739,1,1,4.9862593728631461,0,50,0.41999999999999998,1,1,4
2019-10-16 08:00:00,47,SKIP,3,,-1,-0.50104030867793192,-0.24139438219994552,0.067554119158707626,0.04425978936755675,0.55114693252243818,1.7567808474152486,0.62004251017375556,2,0.5,4.4091754601794078,0.18181818181816811,50,0.254,2,2,8
2011-03-25 12:00:00,48,SKIP,3,,1,0.66015567095506722,-0.063834802890108705,-0.023643107633509533,0.093895766441545403,0.4950678667248809,2.284928615653409,0.85087083321794177,7,0.59999999999999998,2.8561607695667206,0.39062499999999101,3,0.114,3,4,12
2013-03-25 10:00:00,49,TAKE,,A,1,-0.039890631680186507,1.1251136714408037,0.099788197915599661,0.15413511637791313,0.236361166524447,7.5973232097104804,3.3759309365388757,0,0.80000000000000004,7.7999184953027676,0.073170731707320455,25,0.35599999999999998,2,0,10
2019-03-20 03:00:00,50,SKIP,3,,1,0.7659214890729501,-0.17979503553322992,-0.0933266985053499,0.12218638087543225,0.058582993258530919,2.6362346966288133,0.61052235653884412,6,1,5.5653843595496983,0,9,0.043999999999999997,1,2,3
2021-02-08 03:00:00,51,SKIP,3,,1,1.2284315264005721,1.0367932231550474,0.055428171374407705,-0.021557765382842806,0.046035658119062482,4.87977976061467,2.1869958979230253,0,1,4.87977976061467,0,50,0.108,1,0,3
2014-05-13 09:00:00,52,SKIP,7,,-1,-0.31820642035772634,0.88456923399384735,0.30331353034219011,0.059071267987525031,0.47657674367806679,3.9714728639823287,2.6669045911447813,2,0.80000000000000004,4.4083348790203827,0.32258064516131546,24,0.40600000000000003,2,1,9
2014-08-29 03:00:00,53,SKIP,4,,1,-0.41702248788450735,0.99434728493245461,0.052874868003751997,-0.064833306728462797,0.8402607001637743,5.585262301087675,2.1289997756733712,0,1,6.3760959012416585,0.5,17,0.032000000000000001,1,4,3
2010-08-02 03:00:00,54,SKIP,4,,1,0.30249067249142275,0.9309005238545105,0.11494848923469993,-0.082011923436053721,0.32107884725231545,6.6088729392757903,1.6385302264273578,5,1,7.0102214983410986,0.6875000000000111,11,0.23799999999999999,1,0,3
2017-04-10 04:00:00,55,SKIP,7,,1,0.21580132609844954,0.49711543320536022,-0.020233264462131702,0.019767611258503844,0.47744429391046678,4.8221873684949514,1.3303445733480121,1,1,5.39512052118741,0.33333333333333331,43,0.56399999999999995,1,0,4
2020-07-23 03:00:00,56,TAKE,,A,1,0.58303267060786934,0.6913548729935669,0.060554403339431413,0.015238427668601236,0.13651696678498063,4.5050599039041987,1.71361957850605,3,1,4.5960712150941649,0.099999999999982242,50,0.14599999999999999,1,3,3
2013-09-11 04:00:00,57,TAKE,,A,-1,0.32680678544968378,-0.56351241031066046,0.25583748998266714,0.11484424906310486,0.10258466229739716,3.0006013721972997,0.50407909753024394,1,1,6.5141260558813663,0.057692307692308743,36,0.36399999999999999,1,2,4
2018-01-25 03:00:00,58,SKIP,4,,1,1.3127118225498673,1.713770210201536,0.070608312127043091,-0.18324669048714906,0.78592017581217521,6.8250962636311323,2.7433305667819581,0,1,7.6937448790023382,0.083333333333372811,50,0.87,1,3,3
2011-05-10 11:00:00,59,TAKE,,A,-1,-0.44687204916625817,0.4062996697848314,0.065572760514287967,0.072476571850110943,0.22076027258313158,2.8197107543572884,1.7723157813432187,4,0.80000000000000004,3.2913349730576162,0.13124999999998768,28,0.89600000000000002,2,1,11
2015-01-16 05:00:00,60,TAKE,,A,-1,-1.3663953382269258,-0.1679546239589137,0.078550693257254028,0.14624954394212503,0.23853676936994114,2.3853676936990951,1.0825074500814738,2,1,8.5078114408600971,0.18181818181818349,14,0.82799999999999996,1,4,5
2021-12-06 04:00:00,61,SKIP,3,,-1,-1.0931388778679034,0.20902975700710374,0.064181596176082337,-0.021124359446424039,0.61762532459660191,3.3415113715354559,0.86340340980596997,2,1,5.7328299359992272,0.20547945205478571,6,0.67000000000000004,1,0,4
2021-10-14 07:00:00,62,SKIP,3,,1,1.1935696485558918,0.81506093077234487,0.24418422408036075,0.011685988952766927,0.15126176426861268,5.9597135121819811,1.9120558633726099,1,1,6.0807229235968627,0.12903225806453536,14,0.24399999999999999,1,3,7
2019-12-24 10:00:00,63,SKIP,7,,1,0.86963668999496779,0.54168882004052477,0.1841922460731043,0.072646776911215252,0.94052701355648816,2.4856785358278821,2.4355425628476999,2,0.69999999999999996,3.3590250484160156,0.39393939393938221,20,0.114,2,1,10
2017-01-20 07:00:00,64,SKIP,4,,-1,-0.14719393957128371,0.49591124577618401,0.3217481953940976,0.03078776034119405,1.2269660536335276,4.0898868454448012,2.2938781234100318,4,1,5.2657293135101702,0.20000000000000948,3,0.248,1,4,7
2016-08-08 10:00:00,65,TAKE,,A,-1,-1.1219188697260609,1.0983514807025545,0.2368434646917999,0.037037986486633909,0.37487155415175116,6.1645544460498289,3.1228611801725852,0,0.69999999999999996,6.4977736052957571,0.15094339622641156,50,0.318,2,0,10
2014-12-09 11:00:00,66,SKIP,4,,-1,-1.6098792237906563,-0.061739406320049893,0.33676527862838351,-0.075505846944921809,0.62195126063016481,2.5479938741944315,0.84567406870642425,3,0.69999999999999996,3.9122740588024474,0.3333333333333196,50,0.78000000000000003,2,1,11
2012-07-18 04:00:00,67,SKIP,7,,1,0.45369259122513339,0.3200082560817904,-0.14232395991625671,0.064946498505263836,0.62081247850029242,4.2610311024333116,1.1027876958962579,4,1,5.7848435496610904,0.37037037037035475,50,0.104,1,2,4
2010-07-07 07:00:00,68,SKIP,3,,-1,-0.49909988939273164,-0.26567961363821346,-0.054095127364971692,0.095853340427577927,0.2584019555320024,1.6913582543908574,0.35658111464535575,2,1,5.8727717166349311,0.23255813953489987,13,,1,2,7
2016-03-04 07:00:00,69,SKIP,3,,1,0.23972406097430807,0.048009237181580303,-0.088674522312255574,0.034099691779687469,0.088104869970024161,2.0264120093080829,0.27259120071808418,6,1,4.5814532384356532,0.076923076923060107,42,0,1,4,7
2020-01-27 10:00:00,70,TAKE,,A,-1,-0.8726794979891338,-0.96986693120552103,0.2316818801452071,0.18537050530080176,0.31024861796609549,2.8399681183048111,0.53521693925536007,1,0.5,5.4651487318638887,0.11881188118811652,50,0.876,2,0,10
2016-06-06 08:00:00,71,SKIP,3,,1,0.67091065310976317,0.33716065305561216,0.13286775085088956,-0.03917371480309649,0.62986413904861582,4.3565602950853117,1.23195261157854,1,1,4.9339357558797863,0.38461538461540984,8,0.058000000000000003,2,0,8
2014-05-28 03:00:00,72,SKIP,3,,1,0.72784076213288362,0.053139995166523554,0.063226797466005943,0.038413109364386994,0.10969153599527878,3.619820687842485,0.56559560217428118,11,1,4.6618902797970874,0.09999999999991474,0,0.098000000000000004,1,2,3
2013-08-01 10:00:00,73,TAKE,,A,1,0.45968259191123478,1.6351006897119269,0.29988582910961487,0.065659787319567356,0.15383354047291681,7.2301764022249042,3.8619193154631373,0,0.80000000000000004,7.3620337226302262,0.077922077922079835,22,0.746,2,3,10
2018-09-28 03:00:00,74,SKIP,3,,1,0.87858233694507504,0.19394619761757773,0.076305260073974548,0.022547925298526002,0.2658997165034433,3.1376166547390438,0.72677564542846662,4,1,4.2012155207522879,0.12500000000006661,5,0.078,1,4,3
2019-08-28 04:00:00,75,SKIP,4,,1,-0.15609486750829776,1.3000428685228405,0.10761574743891175,-0.10758945017238156,0.57910184423233035,6.6958650739358729,2.1883526227223693,2,1,7.3835485139617107,0,13,0.17799999999999999,1,2,4
2012-06-04 10:00:00,76,TAKE,,A,-1,-1.5763122014230635,-0.57144176830006255,0.369499322857546,0.14261145955221419,0.94185400258174523,2.9027631554977198,1.5973610837561734,1,0.80000000000000004,3.9063780762814879,0.41666666666666335,50,0.96799999999999997,2,0,10
2011-05-31 09:00:00,77,TAKE,,A,-1,-0.41730465910086734,1.549127983747502,0.42782175786654841,-0.06614884623958836,0.31048237593285594,6.8306122705201835,3.4611026435370515,1,0.10000000000000001,7.1128689759135648,0.039215686274530565,13,0.042000000000000003,2,1,9
2015-09-23 10:00:00,78,SKIP,4,,1,0.24743320699321208,0.25283070672420194,0.052518439571711865,-0.12115216321728005,1.1279360026006713,2.6417448481961445,1.3464468454239764,5,0.20000000000000001,3.9180934827178548,0.49999999999998684,7,0.16200000000000001,2,2,10
2013-11-13 10:00:00,79,SKIP,7,,-1,-1.2549947529620924,-0.38330899083102227,0.27292871367632787,0.089157705639459586,0.85062021966152046,2.7341364203404686,1.3895190639672088,1,0.80000000000000004,3.706273814239275,0.40298507462685873,21,0.54200000000000004,2,2,10
2011-03-18 04:00:00,80,SKIP,4,,1,0.49514122839628927,1.5327137750828181,0.021998883918745604,-0.13044007239143471,0.25746629688032274,6.002183046021524,2.4515014025047872,0,1,7.4343393224181185,0,24,0.29599999999999999,1,4,4
2018-11-22 08:00:00,81,SKIP,3,,-1,-1.5670327059623683,-0.32662025474206574,-0.024646761253443356,0.11863376571097624,0.047359208814690107,2.391640045138923,0.42113554473761611,4,0.90000000000000002,5.5410274313119618,0.018867924528298094,11,0.73399999999999999,2,3,8
2016-07-07 03:00:00,82,SKIP,4,,-1,-0.27173346149412092,0.73113760304744435,0.12468231622175099,-0.14071651011249089,1.0870323628838876,5.2653130077184658,1.5052891356476694,3,1,6.8958615520442015,0,12,0.61799999999999999,1,3,3
2012-01-12 05:00:00,83,TAKE,,A,1,0.35595777410143453,-0.096572428916366762,0.16488949231177824,0.069556615031131974,0.20187794207902374,3.1038733594633765,0.9813449030171274,3,1,3.936619870538955,0.089743589743584137,31,0.14999999999999999,1,3,5
2013-12-05 04:00:00,84,SKIP,3,,1,-0.13953734210548716,0.58438997996386843,-0.17506191512063904,0.04011612691229309,0.36136431157067067,4.3002353076906061,1.3740219755485488,2,1,4.7700089127324219,0.34615384615385247,50,0.27400000000000002,1,3,4
2019-09-04 04:00:00,85,SKIP,3,,-1,-0.14143025900757658,0.059459392344759346,0.34106960520581397,-0.0096756003007364057,0.6410397898985124,5.6491631484804961,0.98568317292388119,3,1,6.2501379515103324,0.21739130434780995,1,0.029999999999999999,1,2,4
2012-12-13 03:00:00,86,SKIP,4,,-1,-0.28147130386732105,0.19937860838263494,-0.15128318484535247,0.012979939253134351,0.42308713399097553,1.6598033718104619,0.57057353414486878,2,1,5.4024972494222228,0.52380952380956891,28,0.23799999999999999,1,3,3
2021-08-05 06:00:00,87,TAKE,,A,-1,-0.17724046150769418,-0.51906668611492957,0.30560747564565766,0.1570618962543196,0.045783383924334266,2.9072448791895655,0.70047955032284726,1,1,4.0518294772957102,0.017241379310377777,50,0.64000000000000001,1,3,6
2021-06-14 03:00:00,88,SKIP,4,,1,0.93137578564372725,0.9401926881765198,0.04805133817063853,-0.015717029283121898,0.45185827173905119,5.011519013832487,2.0291789421309598,0,1,5.4222992608679137,0.43478260869564678,25,0.050000000000000003,1,0,3
2018-03-07 08:00:00,89,TAKE,,A,1,0.001232472445416487,-0.30841013513889093,0.017202224786688376,0.14976950519170307,0.12196633622362453,2.3173603882454574,0.7679361568641041,1,0.80000000000000004,3.699645532111199,0.055555555555584064,14,0.20399999999999999,2,2,8
2010-11-18 12:00:00,90,SKIP,4,,-1,0.092436669507332966,0.17892148612591119,0.18460569709334734,-0.086216069500592921,0.23209246651260396,3.5868835733766313,0.87548474593692183,5,0.59999999999999998,4.1987637123643919,0.055555555555544589,7,0.78200000000000003,3,3,12
2011-04-20 10:00:00,91,SKIP,4,,1,0.43719922190323618,0.8666792239350164,0.12770762895264326,-0.091551043463643886,1.0662758424883256,6.437891879174817,2.0350808016480473,1,0.29999999999999999,7.4840493095406826,0.13114754098362413,16,0.58799999999999997,2,2,10
2017-04-10 07:00:00,92,SKIP,3,,1,0.21580132609844954,0.60217212095595607,0.016916557312308202,0.007695996495066618,0.46056720165333825,3.9404082808114493,1.5445618427374668,0,1,4.3498013489476932,0.30769230769229505,46,0.45600000000000002,1,0,7
2020-07-08 12:00:00,93,SKIP,4,,1,0.64382802950391482,0.21380758616086293,0.059217591589819339,-0.057683018535020288,1.0811476398646416,1.2813601657654874,1.082799408668998,3,0.40000000000000002,2.3224653004499372,0.10526315789473389,8,0.078,3,2,12
2015-08-27 03:00:00,94,TAKE,,A,-1,-1.5392534962930042,0.30813227893598999,0.18147675403566127,0.053730906789776899,0.24430983134801815,3.725724928056029,1.5103715528624244,4,1,4.2143445907518915,0.15909090909089441,4,0.57599999999999996,1,3,3
2020-08-11 03:00:00,95,SKIP,3,,1,0.3861833598432583,0.46726456336385513,0.012617938119701301,-0.072150081233774685,1.5936314844382371,2.4145931582397138,1.716271431041313,0,1,3.9599327795131316,0.3249999999999898,25,0.13200000000000001,1,1,3
2013-04-22 06:00:00,96,SKIP,3,,-1,-0.89861775265616739,0.18812122599887526,0.012741343027196674,0.10275490139741524,0.24904319368107916,3.1753007194326868,1.5076569371219493,5,1,3.3932135139035813,0.13725490196079743,8,0.438,1,0,6
2016-12-20 04:00:00,97,SKIP,3,,1,0.65119263311466991,-0.062021649755964421,-0.11271312147677111,0.059604464033897263,0.35640239876772123,2.3929875345825269,0.37487351946041303,5,1,3.8695117580483767,0.22222222222218713,3,0.012,1,1,4
2014-11-10 04:00:00,98,SKIP,3,,-1,-1.0111648879343424,0.56572534398988927,0.02768734956834655,-0.0036832487882624732,0.31240904037240191,3.2660945129833507,1.6362578549343867,0,1,3.8341109500239456,0.14492753623189689,20,0.182,1,0,4
2010-12-10 05:00:00,99,SKIP,3,,1,0.65701511147286051,0.052311984279620555,0.062642183627256223,-0.012447742091640209,0.68291612264939539,2.5478024575766764,0.88868838230762237,4,1,3.7823046792890853,0.20000000000000948,2,0.13,1,4,5
2018-11-16 10:00:00,100,SKIP,3,,-1,-1.7429299090706509,0.81792811310065805,0.17320915868913356,0.034516871809684942,0.6228500270441043,3.7111480778039834,2.0969235457695032,0,0.80000000000000004,4.3080460203878514,0.019607843137264738,24,0.68600000000000005,2,4,10
2021-05-10 07:00:00,101,SKIP,4,,1,0.6247668516374999,0.26988850704820877,0.01635668984840245,-0.081987898553180047,1.0587558482174442,2.8960086436536114,1.2373403211705143,3,1,4.4530025380910141,0.47058823529405863,12,0.51600000000000001,1,0,7
2019-03-13 03:00:00,102,SKIP,3,,1,0.38277659667993452,0.2773328436495115,-0.021531160281969906,0.062838875347556319,0.099909133194427957,2.5476828964547891,0.93179516150375363,2,1,3.99636532777222,0.076923076923114758,50,0.032000000000000001,1,2,3
2013-01-02 06:00:00,103,SKIP,4,,1,0.60669578195212093,1.6345458717785792,0.17801725334162297,-0.18022463281242504,0.73206508859093455,8.4361786399517893,2.6904181729075765,1,1,9.1333834862287571,0.3499999999999609,17,0.27800000000000002,1,2,6
2019-08-27 09:00:00,104,TAKE,,A,-1,-0.22098410626232184,0.28013185474266755,0.2456751234546426,0.074757601730143758,0.069455396294344871,3.229675927685383,1.4781760998446649,1,0.69999999999999996,3.2644036258325553,0.02564102564103872,2,0.25,2,1,9
2012-11-19 12:00:00,105,TAKE,,A,-1,-0.44906252328828972,1.2801730027317237,0.33851411392110986,0.16186813203707645,0.15459486953535306,5.951902477108054,3.7536941263068861,0,0.10000000000000001,6.0807315350541087,0.075757575757571846,24,0.46400000000000002,3,0,12
2014-06-09 13:00:00,106,SKIP,7,,1,0.12074372819752054,1.5204498983372181,0.44697638716814159,0.013135230772269448,0.54633212426009936,6.087700813182094,3.8647346744979205,0,0.40000000000000002,6.5950092142805836,0.33333333333333331,42,0.77200000000000002,3,0,13
2017-07-25 10:00:00,107,TAKE,,A,1,0.16186975108000784,1.2814526810080273,0.32232675659814558,0.064375597950509678,0.61480733222055062,5.3795641569292814,3.7116358064876649,0,0.5,5.9431375447980619,0.33333333333333331,22,0.33600000000000002,2,1,10
2014-08-26 03:00:00,108,SKIP,3,,-1,-0.6367158155531828,0.13536697571289558,0.10750585651511552,0.0050767693967184325,0.39137581906444491,2.9353186429818074,0.75512466101249121,2,1,4.7454318061539613,0.46153846153844474,3,0.002,1,1,3
2015-08-25 05:00:00,109,SKIP,3,,-1,-1.565459454077385,-0.089390915166416215,0.27604886385105776,0.031423733620022362,0.41344885056499137,2.8482031927807401,0.75877062611999946,3,1,4.0426109833016772,0.6249999999999778,40,0.94999999999999996,1,1,5
2015-02-17 03:00:00,111,SKIP,3,,1,0.26975779302211589,0.52538268645827013,0.0099957942277374492,0.0079665538450445009,0.57690326367115485,3.3652690380813342,1.3330434595390774,2,0.90000000000000002,3.9101221204373666,0.21739130434782339,50,0.043999999999999997,1,1,3
2017-01-31 08:00:00,112,TAKE,,A,-1,-0.11618706769874383,-0.4581846715333141,0.15717998400411409,0.12596923478981398,0.25708564196007366,2.0566851356798219,0.58471666169427583,1,0.80000000000000004,3.0336105751277289,0.15999999999999659,44,0.17799999999999999,2,1,8
2021-03-19 05:00:00,113,TAKE,,A,-1,0.42548053561656757,-0.92009944157919832,0.22845372320729021,0.19686047778488761,0.12571411422612094,3.9111057759233017,0.3461333221877459,1,1,8.2971315389230096,0.060606060606059303,45,0.996,1,4,5
2019-01-24 10:00:00,114,TAKE,,A,1,0.57527259677361053,-0.17680087678148187,0.09352749820029653,0.046392902848595215,0.28708007876306829,1.8947285198358101,0.8844335606233461,3,0.59999999999999998,2.3253486379803308,0.15254237288136083,21,0.29599999999999999,2,3,10
2020-09-17 11:00:00,115,TAKE,,A,1,-0.739747684712592,0.66871656297086279,0.040932711765079531,0.1801365703078146,0.68270666951682535,4.0071913210769532,3.2715930821552348,2,0.69999999999999996,4.6602150919191194,0.25581395348837094,50,0.82999999999999996,2,3,11
2017-09-15 08:00:00,116,SKIP,3,,1,0.34313170189435482,0.4920635026454126,-0.021014882812953082,0.13542705240032735,0.60224823320897269,3.2849903629576334,1.9765210657545207,2,0.80000000000000004,5.3654842594974772,0.35000000000000886,50,0.436,2,4,8
2016-06-17 10:00:00,117,SKIP,3,,-1,-0.069702291793211607,0.4290931650303737,0.50456367750422859,0.033182606825033129,0.70332336845807475,5.470292865784165,2.2930641073087661,1,0.80000000000000004,6.1345427137722499,0.50000000000001044,2,0.61399999999999999,2,4,10
2012-08-07 11:00:00,118,TAKE,,A,1,0.49289242039517955,0.97423343314180977,0.11341754256070867,0.13551650888476635,0.15322096177352812,4.0858923139586452,3.0967802696868127,0,0.69999999999999996,4.2135764487698824,0.054945054945066789,50,0.26600000000000001,2,1,11
2021-10-19 03:00:00,119,SKIP,3,,1,1.3495296169895263,-0.00076814624068594517,0.091446769418590784,0.14621718751708709,0.83144508142638474,3.0882245881549504,1.5996842334202315,2,1,6.0279768403409619,0.93103448275863587,13,0.216,1,1,3
2020-03-19 11:00:00,120,SKIP,3,,-1,-1.9079407046993317,-0.34643024414261525,0.21572181216555983,0.046372030562140808,0.21409387174140404,3.3719784799270118,0.48811658746129399,3,1,4.2390586604796656,0.15322580645161082,50,0.86199999999999999,2,3,11
2011-01-21 04:00:00,122,SKIP,3,,-1,0.13332018502853535,-0.77922708811051111,0.2917867025308693,0.15873414864108354,0.053657071755967581,3.4877096641361005,0.25787490879974817,1,0.5,7.4851615099536648,0.023255813953499901,36,0.52800000000000002,1,4,4
2017-01-20 04:00:00,123,SKIP,3,,-1,-0.14719393957128371,0.0095728352088445805,0.14465458059054545,0.019809575549946043,0.53184720699452848,3.2442679626661137,1.186391698373745,7,1,4.5207012594527551,0.69230769230768807,0,0.19,1,4,4
2019-10-21 03:00:00,124,SKIP,3,,-1,-0.39465054870649646,-0.21867889885718453,-0.10241252290123383,0.074799903649585331,0.18538651332466688,1.9465583899090515,0.34538256495870912,2,1,5.8860217980582803,0.13043478260867147,11,0.002,1,0,3
2013-06-26 09:00:00,125,SKIP,3,,-1,0.11039326082926876,-0.057907133110404546,0.043087375161870889,0.11376499888309639,0.73447721662956011,1.9586059110118936,1.0350753578971159,8,0.90000000000000002,3.2316997531696541,0.066666666666677726,10,0.69799999999999995,2,2,9
2011-10-18 11:00:00,126,SKIP,7,,1,0.17581328493688034,-0.033514444150372205,0.11078963913074921,0.136601049104872,0.3687110313624351,2.3966217038555424,1.474155980957182,1,0.59999999999999998,2.7485731428832674,0.035211267605631758,22,0.40000000000000002,2,1,11
2018-07-04 12:00:00,127,SKIP,3,,1,1.147647168373275,-0.31393143263862333,-0.070767610958906782,0.13757040633403489,0.45489007977933932,1.7392855991561498,0.60210717697740579,3,0.5,3.7461535981824587,0.33333333333332349,8,0.77800000000000002,3,2,12
2019-03-29 04:00:00,128,SKIP,4,,1,0.7176872851218451,0.50258085960833421,0.14999248023494208,-0.12257384751980968,0.75192463234992035,5.9711661980718134,1.3097103513678214,1,1,6.678859969695127,0.38888888888886697,10,0.374,1,4,4
2020-03-20 04:00:00,129,SKIP,3,,-1,-1.8283446087517561,0.99391034080303597,0.28259457646477865,-0.014265951004579037,0.40941014785295043,5.4993741481868677,2.1286233338491893,1,1,6.6501486178275782,0,12,0.82599999999999996,1,4,4
2012-10-11 04:00:00,130,SKIP,3,,-1,-0.49143646695725274,-0.18542617607928111,-0.078002343559726836,0.10221114938461927,0.16682046225539485,1.6205416333376375,0.36187725572683599,2,1,6.2915145764872369,0.17647058823529904,10,0.42999999999999999,1,3,4
2011-12-05 03:00:00,131,SKIP,3,,1,0.59542344181090878,0.68434517552111851,0.088222371191710322,-0.03308843642461172,0.024438112235789677,4.6921175492491836,1.3220512921978687,4,1,4.9364986716059684,0,24,0.0060000000000000001,1,0,3
2014-04-04 07:00:00,133,TAKE,,A,1,0.14667672454684016,1.3889687066062752,0.2518995959202428,0.03708487677780177,0.4656423229187362,6.9846348437783963,3.1596206052332394,0,1,7.4079460464316069,0.33333333333333331,18,0.106,1,4,7
2016-10-06 08:00:00,134,SKIP,3,,1,0.58503400777594483,0.43629087707015968,-0.0091118425087200767,0.10961797445193119,0.31103948203213738,2.7475154246164646,1.6067755418817007,4,0.90000000000000002,3.3177544750085568,0.055555555555544589,50,0.043999999999999997,2,3,8
2012-08-02 03:00:00,135,SKIP,3,,1,0.43722150220795125,0.27009699571945833,0.061082950513691101,-0.010349505956382385,0.20736963220772162,2.932799084079714,0.7662865928478334,1,1,4.6510046080860148,0.3750000000000222,15,0.056000000000000001,1,3,3
2021-01-28 06:00:00,136,SKIP,3,,1,0.883046444607543,-0.12475695372618434,0.021677147531098281,0.095343298819902084,0.48086842626435006,3.1071498312463248,0.69154016648614658,5,1,5.3635324467942596,0.54545454545456895,13,0.498,1,3,6
2013-01-04 13:00:00,137,SKIP,3,,1,0.82062673302024103,0.083360983663029034,0.22127924265865956,0.037752216318388675,0.70652389897768375,3.2298235381833593,1.6805382839290035,2,0.5,3.9111144407689009,0.13207547169812686,0,0.91000000000000003,3,4,13
2015-07-09 07:00:00,138,SKIP,3,,-1,-1.0912486666162957,0.26644119809547651,0.17292233547252525,-0.077554566034444022,0.67664224198017231,3.6490349478212707,1.2650353772189085,1,1,4.543169339009272,0.27027027027028999,6,0.85199999999999998,1,3,7
2018-10-12 09:00:00,139,SKIP,3,,-1,0.52704830228366972,-0.093979431628890983,0.29359673168589051,-0.037359964252786544,0.68135933024276096,3.5252939260383469,0.91136267989052733,3,0.90000000000000002,4.4436478059306985,0.5,45,0.76800000000000002,2,4,9
2014-07-17 06:00:00,140,SKIP,3,,-1,-0.84283314878764748,1.2887471555909136,0.18818529517725932,0.082875482765198211,0.31732394022347038,6.8621302073277768,3.0957789510058613,0,1,7.1397886550231515,0.15384615384622111,28,0.41199999999999998,1,3,6
2016-02-03 07:00:00,141,SKIP,3,,-1,-0.59684388199836758,-0.095655268456923528,0.45140269775381181,0.024488838107110548,0.47595426669773355,3.1234498752033795,1.2419360637654868,1,1,3.8076341335812764,0.42857142857144309,50,0.20599999999999999,1,2,7
2018-12-19 10:00:00,142,TAKE,,A,-1,-0.86254468804794504,-0.5539742200633172,0.44179204804478273,0.13482007808200838,0.19242349912476175,3.3193053599010378,1.0261370831034693,1,1,4.1371052311809935,0.11864406779660996,50,0.39800000000000002,2,2,10
2015-06-10 04:00:00,144,SKIP,4,,1,0.009589095033465363,1.5673837224958647,0.060768766820742996,-0.090125562077375751,0.63709916820221957,6.2117168899706794,2.6920763012393776,0,1,6.8169610997626862,0.20689655172414131,22,0.31,1,2,4
2010-08-25 04:00:00,145,TAKE,,A,-1,-0.90130395085983905,-0.26565612556306512,0.29363058035596407,0.077746119062758648,0.36318628863719027,2.5143666136419154,0.86691225983266262,1,1,3.7436125136446159,0.26086956521737387,50,0.26600000000000001,1,2,4
2010-10-12 08:00:00,146,SKIP,7,,1,0.76491251949908268,-0.61244554109796379,0.020991080221066768,0.17899347683699174,0.69950269461212267,2.7202882568248481,1.06921722400104,1,0.90000000000000002,4.7410738190375366,0.30232558139533844,20,0.47799999999999998,2,1,8
2019-06-27 10:00:00,147,TAKE,,A,1,0.21252156601977376,0.062333987968349408,-0.082606362871531988,0.17371975194914957,0.63574438613210904,2.5429775445281098,1.6726686374194726,6,0.69999999999999996,3.2140410632230774,0.3148148148148226,0,0.108,2,3,10
2014-10-13 13:00:00,148,SKIP,7,,-1,-1.1326711013215713,-0.085179878690824523,0.1106465677366837,0.063675964306808636,0.51015690188191343,1.712669599174836,0.94093798484797231,4,0.5,2.8787425177619443,0.37681159420288662,17,0.94599999999999995,3,0,13
2020-07-09 07:00:00,149,SKIP,3,,1,0.66787288003916412,0.093766443463898105,-0.10476615590020999,0.034056167354033773,0.20822004722972154,2.4465855549488396,0.51562855056288137,4,1,3.7479608501343957,0.11764705882354662,26,0.0080000000000000002,1,3,7
2015-12-15 09:00:00,150,SKIP,4,,-1,-1.3394859199489564,0.54701961033802071,0.050916007807680977,-0.11210821775604253,2.047632829738927,1.2835907290900486,2.5811419521760794,2,0.80000000000000004,3.3006618748029632,0.24489795918365631,19,0.57799999999999996,2,1,9
2011-08-23 03:00:00,151,SKIP,3,,-1,-0.7733915322453383,1.0114370090026457,0.23340245725694833,-0.030658377317858285,0.51926267955734895,5.8381966134010401,2.5701961550064301,3,0.29999999999999999,6.3434251664838204,0.42352941176470804,17,0.57999999999999996,1,1,3
2018-09-19 11:00:00,152,TAKE,,A,1,0.30208100426656898,0.65185754085990866,0.11189660276124984,0.2235427852511693,0.23432191358246837,4.3851672399000243,3.0905256511983024,0,0.80000000000000004,4.5860145943992219,0.089552238805954004,28,0.80400000000000005,2,2,11
2013-01-15 05:00:00,153,TAKE,,A,1,0.980248948445961,0.23809559468056013,0.083488604295642921,0.20509858489496927,0.1143118479999463,5.7155923999943905,1.8532488210994791,3,1,5.7918002986609673,0.05714285714284438,1,0.16600000000000001,1,1,5
2017-11-29 07:00:00,155,SKIP,4,,1,1.0318359661706369,-0.28038179270018621,0.039675529737488432,-0.0038386547694117166,0.064174381873110697,2.2461033655529468,0.49041181973444947,2,0.80000000000000004,4.1713348217411603,0,48,0.16800000000000001,1,2,7
2021-09-10 09:00:00,156,TAKE,,A,-1,0.070188038009347045,0.61176613397972557,0.43242469809387807,0.0068882627937830974,0.4243978135850564,5.3474124511710031,2.1012868799501518,1,0.90000000000000002,5.7435170771836708,0.41176470588235048,4,0.40799999999999997,2,4,9
2021-07-28 13:00:00,157,SKIP,3,,1,-0.068834696950257054,0.13829240218800185,0.0077443433933853155,0.079740285844151326,0.25850368056283168,1.5510220833766635,0.82388188438184684,6,0.29999999999999999,2.5850368056277451,0.26086956521738058,16,0.35999999999999999,3,2,13
2016-12-28 13:00:00,158,SKIP,4,,1,0.56746538408706881,0.64031166804026152,-0.052511092281072327,0.037999074801571137,0.57639743689845702,2.7859209450087654,1.5840668772925754,2,0.29999999999999999,3.5064177411317172,0.11764705882354662,47,0.17399999999999999,3,2,13
2019-09-16 08:00:00,159,TAKE,,A,-1,0.042429253892723312,1.2238327472921442,0.00012256325515909718,-0.011846560413085076,0.076498147083773296,7.2800736641370838,2.3636754891796237,1,0.59999999999999998,11.092231327144084,0.051020408163262941,13,0.97599999999999998,2,0,8
2017-04-17 09:00:00,160,TAKE,,A,1,0.73076525029131478,-0.1779886564707398,0.14677229844689543,0.20245757284060867,0.39966644540415058,2.8547603243150603,1.7733505320844374,3,0.90000000000000002,3.3686171826917497,0.14285714285713319,42,0.32800000000000001,2,0,9
2013-12-02 10:00:00,161,SKIP,7,,-1,-0.72937330953698942,0.15485454719139224,-0.02143700125689808,0.099927703538389118,0.64644266238368731,2.4888042501769712,1.7491000662139464,6,0.80000000000000004,4.3958101042086968,0.30645161290322692,2,0.52800000000000002,2,0,10
2021-10-29 13:00:00,162,SKIP,7,,1,1.0036272730123712,0.087231538508216133,-0.037316144548992729,0.10224424221522317,0.59967046084264364,2.7690665397733687,1.1300134484397024,2,0.5,3.3510996341206316,0.73333333333332495,1,0.94799999999999995,3,4,13
2020-03-25 13:00:00,163,SKIP,3,,-1,-1.8302445072511755,-0.19980390414779031,-0.10774592631373196,0.14034906536847438,0.23912309879326027,2.470938687530269,0.74810057283855613,2,0.29999999999999999,3.7143788012551657,0.17283950617283972,5,0.39800000000000002,3,2,13
2012-11-19 06:00:00,164,SKIP,4,,-1,-0.44906252328828972,0.70954526154750808,0.015128271199559734,-0.042893633254466011,0.44863839605725397,4.7555669982058211,1.4537997570961987,0,0.69999999999999996,5.1742961678591648,0.29411764705888743,18,0.20000000000000001,1,0,6
2011-01-27 08:00:00,166,SKIP,3,,-1,-0.44366681113242673,-0.19260080429565732,-0.17278372229554625,0.11500038058072543,0.32870717235412572,2.8487954937356261,0.61134987620282333,4,0.90000000000000002,4.9306075853116909,0.20754716981134605,4,0.35999999999999999,2,3,8
2020-12-03 03:00:00,167,SKIP,3,,1,0.9015144018353668,0.44541825348641756,0.027250183372445121,0.018631639899840409,0.033595665671433475,4.1658625432526666,1.2542684543932381,1,1,5.9128371581650825,0,15,0.34599999999999997,1,3,3
2015-10-01 09:00:00,168,SKIP,4,,-1,-0.027132004900777811,0.88368668082573598,0.14073446154829156,-0.072623797653682209,0.76391889150304448,4.583513349017724,2.1111268744071414,0,0.90000000000000002,5.4168794124754696,0.22448979591836854,27,0.11799999999999999,2,3,9
2018-05-17 03:00:00,169,SKIP,4,,1,0.88462249221931721,0.93364185618503348,0.15510841087825974,-0.097077323347462177,0.76289059053623376,5.1876560156457536,1.8839131139220566,2,1,6.1031247242890752,0.076923076923118963,12,0.014,1,3,3
2018-05-29 08:00:00,170,SKIP,3,,-1,0.0051336175795607406,-0.10695344615768593,0.29749336459646336,0.073811042177100522,0.47945668843007344,2.5890661175220151,0.97555866025649118,3,0.40000000000000002,3.35619681901006,0.42307692307693567,50,0.78200000000000003,2,1,8
2019-02-14 13:00:00,171,TAKE,,A,1,0.24857884024054328,0.1124567373881882,-0.11721045707306331,0.12724859497185553,0.11054266261164646,3.7031791974882711,0.90022463878494363,2,0.40000000000000002,4.4217065044636001,0.10000000000000236,1,0.82999999999999996,3,3,13
2012-08-07 08:00:00,172,SKIP,3,,1,0.49289242039517955,0.8446574640821809,-0.040488704984648988,0.067080414518971329,0.44344623650577802,3.0154344082388786,2.1563514296635775,0,1,3.4293175623108851,0.4375000000000111,47,0.058000000000000003,2,1,8
2017-04-28 07:00:00,173,SKIP,4,,-1,-0.59510955635054574,0.36344376914682464,0.097404727102319941,-0.1155494807318973,0.8385008658475781,5.4502556280085956,1.3033928008489928,3,1,6.6614235453438679,0.30000000000000709,10,0.72399999999999998,1,4,7
2014-09-22 07:00:00,174,TAKE,,A,-1,-0.21276815730304549,-0.47892117820294999,0.18338239589731337,0.16807360687921524,0.03464129562050404,2.5980971715290893,0.89195873620211452,1,1,3.3602056751776184,0,41,0.39000000000000001,1,0,7
2011-04-06 09:00:00,175,SKIP,3,,1,0.8522869771017062,0.32213004404901346,0.10605848133025873,-0.015885947967993638,0.80820559174213813,2.6732954188395159,1.6114366217223584,3,1,3.4504161801300604,0.37499999999993339,8,0.0080000000000000002,2,2,9
2017-10-16 03:00:00,177,SKIP,3,,1,0.2444362817493094,1.0870703955114533,0.080225592624394396,-0.048978941833584907,0.15760826895603541,5.1485367858945441,1.9843361467522698,2,1,5.3586811445024791,0.15384615384612862,27,0.53600000000000003,1,0,3
2014-03-24 04:00:00,178,TAKE,,A,1,-0.17932333877975845,0.043252930269243282,-0.082289202806735337,0.13044364040236903,0.072780056105178209,1.7467213465209155,0.87493254142923615,2,1,4.3668033663022632,0.038461538461557379,0,0.28000000000000003,1,0,4
2012-06-08 13:00:00,179,TAKE,,A,-1,-1.5210162792150712,-0.50436854051306135,0.20986506697168847,0.12094030497339966,0.1325546324518424,2.3031367388495845,0.38499134324535345,1,0.40000000000000002,3.6949603795932231,0.11111111111110109,21,0.93200000000000005,3,4,13
2013-03-26 03:00:00,180,SKIP,3,,1,0.080416872985667437,0.93290176410360215,-0.052239227037588445,0.046569580255304895,0.12736813163384675,4.3305164755486176,1.9024769826576609,0,1,7.3024395470034724,0.15384615384612862,41,0.016,1,1,3
2016-09-02 09:00:00,181,TAKE,,A,-1,0.058115316098831256,-0.39141358979160135,0.40901431213657524,0.11616114198782912,1.274101248229093,3.4362124573449275,2.029573197321497,1,0.80000000000000004,4.6717045768397334,0.44444444444444553,50,0.53400000000000003,2,4,9
2020-12-28 04:00:00,182,TAKE,,A,1,0.84138264803020235,0.4298129266475203,0.090009692947699282,0.15032660451040258,0.13711784020082163,3.9078584457228072,1.9374526923231103,5,0.80000000000000004,4.0106968258734117,0.083333333333336618,39,0.502,1,0,4
2016-12-16 08:00:00,183,SKIP,3,,1,0.6154148484823363,-0.1648973944590571,0.02493131262617879,0.086968112936888872,0.95526350490594103,3.148831553208272,1.1906025730967569,5,1,4.5994168754727438,0.70270270270270219,5,0.246,2,4,8
2011-04-14 10:00:00,184,TAKE,,A,1,0.64064105130908144,-0.012122113505919201,0.00097521481013271348,0.096907380006098762,0.028641460484682166,3.1362399230710896,1.4566064113658841,3,0.80000000000000004,3.1505606533134101,0.0048309178743917575,3,0.83399999999999996,2,3,10
2021-06-23 04:00:00,185,SKIP,3,,1,1.031004842452673,0.21282346423253282,-0.084229296729098707,0.069987462043867257,0.35293684803415748,1.843114650845082,0.78422376193257215,6,0.10000000000000001,4.0783813550613015,0.13043478260870639,50,0.14999999999999999,1,2,4
2012-02-17 07:00:00,186,SKIP,4,,1,0.32960175469356218,0.8125078681780521,0.026076773559362092,-0.079422425080959994,0.92691803356663283,4.0056100736272446,1.9118515040012309,0,1,4.8994238917092909,0.26086956521741278,18,0.002,1,4,7
2011-02-16 08:00:00,188,SKIP,3,,-1,-0.61533971160927237,-0.12230217146903184,0.12988347565706168,0.0052655148503294291,0.45481592493971912,2.78953767296351,0.5576059178184174,3,1,4.8816909276861313,0.040000000000020464,19,0.108,2,2,8
2018-01-04 12:00:00,189,TAKE,,A,1,1.0748683232982756,0.55772311453946988,-0.30799536913800413,0.12438959734727037,0.55052674905989551,2.1520591099610025,1.9953054820069394,2,0.5,3.1029689492460859,0.20408163265305176,40,0.752,3,3,12
2019-05-20 11:00:00,190,SKIP,3,,1,-0.12054771437033353,-0.19441739434077127,-0.16527308804143145,0.11670591151424926,0.30610906406375238,2.4182616061030697,0.56686058364888192,3,0.69999999999999996,4.1630832712660846,0.19565217391304751,4,0.69999999999999996,2,0,11
2015-06-04 06:00:00,191,SKIP,3,,1,0.11267492095071029,-0.54724186412521214,0.076000852378388217,0.10170096400703894,0.11711726343052216,2.3130659527508257,0.28514730692686868,2,1,6.9684771741100562,0.054545454545456895,24,0.46999999999999997,1,3,6
2013-06-17 04:00:00,192,SKIP,3,,1,0.38955075303059161,0.6055163091802116,-0.16983658911298247,0.11890535004747269,0.475390635888019,3.327734451215409,1.9414166478101136,0,1,4.3124721969832658,0.39393939393942523,40,0.11799999999999999,1,0,4
2010-12-20 06:00:00,193,SKIP,3,,1,0.49250701448455014,0.12389342196772853,0.031776234504655249,0.014532274901629829,0.14371175047777798,2.6945953214579159,0.65031343929995666,8,1,3.8083613876605296,0.10526315789478408,12,0.014,1,0,6
2013-02-26 10:00:00,194,TAKE,,A,-1,-0.40408996503306355,-0.15788154797093884,0.1739411301811333,0.13968311212477885,0.35977219558814033,2.8541927516655297,1.5271026415328919,1,0.80000000000000004,3.6696763949985476,0.16666666666666666,19,0.94599999999999995,2,1,10
2016-03-30 08:00:00,195,SKIP,4,,-1,0.46186719779217855,0.24502074019264389,0.26689231754145132,-0.067132786432056682,1.0036041804799389,3.7962419000758936,1.1624399797095117,3,1,5.1052908311365268,0.049999999999991121,3,0.034000000000000002,2,2,8
2010-09-08 10:00:00,196,TAKE,,A,-1,-0.42774583222615453,0.23538730393697363,0.15391428356651146,0.12668773558846033,0.53064008588801626,2.7014404372479333,2.1437039452471183,8,0.80000000000000004,3.2079605192319036,0.21649484536081856,2,0.57599999999999996,2,2,10
2012-05-25 10:00:00,197,SKIP,3,,-1,-1.5000080991571476,0.10115878668926725,0.025738334137153471,-0.059052350563963546,0.31061793667710519,2.007069744682473,0.79277976459774679,5,0.80000000000000004,2.7477740552200207,0.12857142857141524,6,0.51200000000000001,2,4,10
2021-01-05 05:00:00,199,TAKE,,A,1,0.59991606900920103,-0.39922367839051198,0.14312847875708901,0.16598546685676605,0.14166741827115364,2.4650130779175057,0.72795041255689252,2,1,5.4116953779568489,0.083333333333345666,17,0.91000000000000003,1,1,5
2016-10-18 03:00:00,200,SKIP,3,,1,0.79364438016982741,0.23135985244775306,0.22656441814288794,-0.021651229325805998,0.32162035064116257,4.4490815172015177,1.1406070634927814,2,1,5.9499764868598701,0.31250000000001943,4,0.037999999999999999,1,1,3
2019-06-05 06:00:00,201,SKIP,3,,-1,-1.2877308512675016,-0.10884818810251001,0.035158553899465851,0.063499833148376039,0.090787814897954247,2.0275945327199461,0.67270657224076646,3,0.80000000000000004,3.4196743611545348,0.040816326530618459,11,0.48599999999999999,1,2,6
2017-07-03 09:00:00,202,SKIP,3,,1,-0.52368010312957058,0.83561813305762911,-0.2005889003255073,0.068145527577064213,0.28121482348729954,4.8931379286786196,1.9663318271390438,0,0.69999999999999996,5.4555675756531388,0.13793103448275609,50,0.14599999999999999,2,0,9
2015-12-16 06:00:00,203,SKIP,3,,-1,-1.2813153445319274,0.27462897334265879,-0.13633373815499117,0.038936459727016884,0.42884468013575117,2.0782472960420897,0.929758667955075,2,1,4.8162556384467621,0.5,39,0.442,1,2,6
2020-10-07 03:00:00,204,TAKE,,A,1,-0.19170695201210805,0.33313961189384511,-0.14546948540113575,0.13911420888770501,0.23883185820290909,2.7295069508901157,1.405829234426333,4,1,4.844874837829936,0.19354838709676161,48,0.36799999999999999,1,2,3
2017-03-17 09:00:00,205,SKIP,3,,-1,-1.2011095897837902,0.16118157106025208,0.12489561285280013,0.038549848201519528,0.44121491374823241,3.2539599888926847,1.2286423676456364,1,1,3.6400230384223295,0.15789473684211314,2,0.46600000000000003,2,4,9
2014-07-21 13:00:00,206,TAKE,,A,-1,-0.50179805728330862,0.82095705796070473,0.35665035713362014,0.083837308548399991,0.59167456395048479,4.112138219455562,2.6248649567311571,5,0.5,4.6742290552084675,0.24999999999997463,5,0.86799999999999999,3,0,13
2019-07-01 03:00:00,207,SKIP,3,,1,0.36397147844028693,0.70127280211969178,0.32368581941040353,0.019487445303949236,0.41654737588175816,6.2204408131673583,1.9607382448462121,4,1,6.609218363990319,0.17647058823529904,5,0.53800000000000003,1,0,3
2015-03-26 13:00:00,208,SKIP,4,,1,-0.33612979024903866,0.55038760207302451,-0.21043868107084526,0.028855815139293292,0.13739556197017491,2.926525469963638,0.8194165241491429,2,0.40000000000000002,5.1523335738796554,0.14285714285713705,30,0.998,3,3,13
2021-01-25 13:00:00,210,SKIP,4,,1,1.0326386843395086,-0.029016305135973957,-0.011720615426008645,0.019322771658727339,0.39443666803356769,1.8407044508232537,0.44979542322813248,5,0.29999999999999999,3.4841905676297236,0.18181818181817888,2,0.66000000000000003,3,0,13
2011-08-25 13:00:00,211,SKIP,3,,-1,-0.65879721325867846,-0.14030090733555631,-0.072608107270103889,0.05212033070652318,0.026171569191350712,3.1275025183603664,0.15698320879867828,5,0.5,4.750139808220986,0,2,0.63,3,3,13
2014-04-10 04:00:00,212,SKIP,3,,1,0.46507021794465692,1.0430035872359706,-0.1279327155774754,0.052595881664066042,0.29961793980897,5.0935049767488403,2.1361953964532612,0,1,6.2491741731540857,0.31578947368422627,50,0.114,1,3,4
2015-12-04 08:00:00,213,SKIP,3,,-1,-0.86923643994481181,0.77178076768104698,0.12718884580938236,0.027555700618736807,1.1240769486680282,4.9084693425167627,2.4373026651850265,0,1,5.9950770595624263,0,18,0.254,2,4,8
2021-11-19 03:00:00,214,SKIP,3,,-1,-0.15952061750875374,0.94564024680247927,0.38375411569567791,0.0090778844983548952,0.099109013956855452,5.4757730211153923,2.1000304642101915,3,1,5.7731000629859235,0,11,0.186,1,4,3
2013-07-10 03:00:00,215,SKIP,4,,1,1.0940615428513483,0.99049687659562002,0.08442083650682744,-0.071053368817261472,0.82574967790120801,5.9453976808885018,2.0853365375576809,2,1,7.0188722621600723,0.04545454545450435,14,0.38400000000000001,1,2,3
2018-05-30 10:00:00,216,SKIP,7,,-1,-0.20240286812074809,0.34143456449251997,0.20428034924284991,0.034147567375556249,0.69931235471345876,3.1925129236918131,1.8346617278886612,5,0.69999999999999996,3.8614203934177151,0.34042553191488717,5,0.81999999999999995,2,2,10
2020-02-05 04:00:00,217,TAKE,,A,-1,-1.551050176442665,-0.19530062769694007,0.16322933985369326,0.087656891641156059,0.15368839772584317,3.4323742158766182,1.2926662878086417,2,0.90000000000000002,5.7377001817639011,0.05102040816326945,16,0.75,1,2,4
2011-01-14 12:00:00,218,TAKE,,A,1,0.26972004206598871,-0.35247898873065125,0.081091251119682475,0.1673713550581683,0.30755176375384596,2.5787032499361913,0.84578235107745903,1,0.5,3.2647802613870835,0.20338983050846193,20,0.70199999999999996,3,4,12
2017-12-14 13:00:00,219,SKIP,3,,-1,0.21850517888577989,-0.36815455861417223,0.18288173023843848,0.14639444038794461,0.78678510428903126,2.8717656306545032,1.2258426123797082,1,0.29999999999999999,3.619211479728957,0.36363636363635776,47,0.91600000000000004,3,3,13
2012-01-19 04:00:00,221,SKIP,3,,1,0.12954064609770699,0.31484729555826074,0.018827551601175298,-0.039277547711061428,0.096773993673184053,4.0161207374350756,0.80266213139608267,4,1,5.4677306425320795,0.073170731707320455,9,0.26400000000000001,1,3,4
2018-09-03 07:00:00,222,SKIP,3,,1,0.67211219789802401,-0.1397500514404019,0.088356508877308157,0.093382609460703883,0.61801054594115434,2.0225799685344326,0.9227760417160451,3,1,4.213708267780075,0.66666666666666663,16,0.017999999999999999,1,0,7
2014-02-24 11:00:00,223,SKIP,3,,1,1.2255617595165886,0.062572567300634055,0.095192518680706897,0.060906832378349263,0.76020571092232314,2.5656942743624467,1.531949427451246,3,0.69999999999999996,3.2942247473295265,0.15999999999999659,0,0.64400000000000002,2,0,11
2016-07-15 07:00:00,224,SKIP,3,,-1,-0.64788954002371657,-0.087833137070416456,0.02144428960790145,0.066295341046554976,0.080720417814619319,1.8969298186412311,0.59549388456813968,6,1,3.1884565036735628,0.03333333333334991,10,0.14399999999999999,1,4,7
2020-05-05 03:00:00,225,SKIP,4,,1,-0.39790158965335259,1.3969133488258618,0.17143675781159062,-0.036575478198761009,0.055323545578004223,8.0034729269500264,2.8173816671887129,1,0.90000000000000002,8.040355290668689,0.027777777777777093,17,0.23400000000000001,1,1,3
2019-07-12 04:00:00,226,SKIP,3,,1,0.48649376805782096,0.35379711445528478,-0.095707156788784289,0.06867351430494488,0.29831921628713115,2.5357133384399435,1.0379142278766735,4,1,3.5798305954445846,0.35714285714283539,50,0,1,4,4
2012-07-11 06:00:00,227,SKIP,3,,-1,0.099794798215278716,-0.087492898353528026,0.18666829920261821,0.057535153326774766,0.5590669944289669,2.8969835165861069,0.83416388376410577,3,1,5.4381971276265499,0.45833333333334075,15,0.14599999999999999,1,2,6
2014-07-08 09:00:00,228,SKIP,3,,-1,-0.17442965576606106,-0.27046306078280458,0.1081385718983158,0.041930957692181255,0.35187060489406269,1.5247726212064938,0.46197587065492246,3,0.90000000000000002,2.1698687301784561,0.20833333333331361,22,0.048000000000000001,2,1,9
2017-12-28 03:00:00,229,SKIP,3,,1,0.60366744029436725,0.60149672639741181,0.023729730258365587,0.049141430673809779,0.30577228519708149,3.9750397075593438,1.7601936379617109,3,1,4.2043689214570055,0.23076923076923497,50,0.104,1,3,3
2013-10-24 03:00:00,230,SKIP,3,,-1,-0.93366485027066681,-0.053758014871032878,0.47508779233657566,-0.024990986580095562,0.063132537477515654,4.6086752358563094,0.66136329934664539,1,1,4.6402415045950223,0.033333333333303336,50,0.34799999999999998,1,3,3
2010-12-02 12:00:00,232,TAKE,,A,1,0.12887760370042992,0.59923706282797162,-0.050016039848555939,0.042970666072210756,0.52432327275009338,2.0972930910004357,1.8074654503096199,0,0.59999999999999998,2.5997695607192943,0.28301886792451159,29,0.69399999999999995,3,3,12
2012-01-10 03:00:00,233,SKIP,3,,1,0.37706535517875345,0.47292920859142512,0.25280416175771031,-0.01153740047226166,0.96970490870057957,4.2667015982822329,1.844855097479104,3,1,5.212163884265185,0.28571428571432922,7,0.19,1,1,3
2011-11-29 09:00:00,234,SKIP,4,,1,0.43260551235960026,0.18481436100330687,0.11789799049841722,-0.002841382012197816,1.3945458109327804,2.2312732974924114,1.9500046320542563,3,1,3.6094126871200691,0.29787234042550359,3,0.53600000000000003,2,1,9
2016-06-06 03:00:00,235,SKIP,3,,1,0.67091065310976317,0.15287911996629849,0.13158957792816867,-0.03292488644488574,0.6291560924540669,3.3393669522557938,0.84881284044256011,2,1,4.5976791371637562,0.083333333333318535,3,0.091999999999999998,1,0,3
2018-02-05 05:00:00,236,TAKE,,A,1,0.79992597732228676,-0.43691534382303998,0.075522930320543746,0.13492534187989899,0.28307712553408493,2.5830787704976763,0.64922232050251227,3,1,5.696927151371554,0.18421052631577373,18,0.88800000000000001,1,0,5
2019-08-20 13:00:00,237,SKIP,4,,1,-0.18092568948285018,-0.10532830969003344,-0.2603187510466804,0.1236752283293485,0.75599252560054908,2.2679775768015578,0.9899651936780296,4,0.80000000000000004,4.0004604479694077,0.82142857142857773,2,0.47799999999999998,3,1,13
2021-09-27 09:00:00,238,TAKE,,A,1,0.62769758952374555,1.0035043157183234,-0.058709473278060927,0.058600187225436001,0.9153502549326259,4.6948609849767351,2.9452281457268188,0,0.90000000000000002,5.580683812330876,0.52631578947369728,50,0.52600000000000002,2,0,9
2019-05-09 06:00:00,239,SKIP,3,,-1,-0.16395085314368199,-0.05180915695536456,-0.02281586576567643,0.11820583615054955,0.47609596765913154,2.2104455641314682,1.0306522304950192,3,1,3.8427745961054263,0.46428571428569615,7,0.72999999999999998,1,3,6
2017-11-28 10:00:00,240,TAKE,,A,1,1.0777359458458544,-0.51921373076174271,0.19122120796849368,0.1845163258969339,0.15808563296312814,2.9509318153087922,0.86988635271033665,1,0.5,5.0060450438274362,0.05555555555556433,28,0.51000000000000001,2,1,10
2015-07-02 09:00:00,241,TAKE,,A,-1,-0.28091641684710927,-0.5409695244475613,0.30568205207797949,0.071091056809202191,0.21495993086810056,2.5078658601265671,0.49351561953110173,1,0.90000000000000002,3.7617987901898253,0.089285714285708848,28,0.23999999999999999,2,3,9
2018-07-20 13:00:00,243,SKIP,3,,-1,-0.13280246190793954,0.41456105399022852,-0.068893381989362193,0.080755002270492038,0.1457127803725102,2.4771172663319834,1.4867602236365263,4,0.59999999999999998,2.9628265342402242,0.084745762711859102,26,0.77800000000000002,3,4,13
2013-07-31 04:00:00,244,SKIP,3,,-1,0.5004512214430864,-0.41729559577549907,0.22194688138741564,0.05669189758142875,0.070658456380686019,2.8263382552219682,0.32202336810230536,1,1,4.8401042620677037,0.031250000000058287,34,0.012,1,2,4
2010-07-21 03:00:00,245,SKIP,4,,1,0.16145105517780575,0.62128167238200538,0.057600830128693083,-0.058343036829021797,0.81159867406991804,4.6956780428325731,1.6096793871133162,2,0.69999999999999996,5.5652480507645281,0.82758620689655682,10,0.025999999999999999,1,2,3
2014-05-09 03:00:00,246,SKIP,3,,-1,-0.37563655351649594,0.16987438407897459,0.16299640333929863,0.066242016849813151,0.91754554521178811,3.4770146976436664,1.6991956662425882,1,1,4.3462683720546176,0.81818181818185343,1,0.035999999999999997,1,4,3
2012-03-23 03:00:00,247,SKIP,4,,-1,0.13561327943618207,-0.31349130730781116,0.21576095383203273,0.00043337144326567525,0.29498243743042896,3.5397892491643925,0.40129996616451158,1,1,5.7521575298921066,0.25714285714285018,27,0.126,1,4,3
2011-11-24 12:00:00,248,SKIP,4,,1,0.56765976457813039,0.25775032805702386,0.17207486832661545,0.0039423464743789651,0.71300197138448906,2.7406013275089536,1.4044979072199888,3,0.90000000000000002,3.4313219872876362,0.57142857142855696,7,0.034000000000000002,3,3,12
2020-07-13 09:00:00,249,SKIP,3,,1,0.55670402294856991,0.041733793844517565,-0.11274550310502497,0.098598208519828576,0.53539347492654965,1.6396425169625271,0.89164119646878748,2,0.69999999999999996,3.7142922323028742,0.51724137931034142,0,0.32200000000000001,2,0,9
2013-07-08 12:00:00,250,TAKE,,A,1,0.81534209459759577,0.0039292322227118112,-0.29951259794003476,0.13125392943468267,0.70082736353660535,1.8688729694309274,1.0498623045734052,4,0.59999999999999998,4.2262013740539333,0.55172413793101083,0,0.86199999999999999,3,0,12
2021-10-22 13:00:00,251,TAKE,,A,1,1.2780783062001626,0.44045556194965602,0.17781617740340946,-0.0062493564613336572,0.5522579240215244,3.4409916804417175,1.8289355459565619,6,0.5,3.9720089150777884,0.1724137931034635,7,0.80200000000000005,3,4,13
2017-06-16 03:00:00,252,SKIP,3,,-1,-0.96595539920142381,-0.36514047653566123,0.31641336699258354,0.037474826623804178,0.4053413692023744,2.1618206357454048,0.53968566960915221,1,1,3.7156292176874399,0.33333333333334914,50,0.002,1,4,3
2015-04-07 11:00:00,254,TAKE,,A,1,0.21400255255814363,0.58771774756916551,0.04527100888301238,0.2965285057039696,0.2880253548560564,4.42324652100279,3.73094386524195,4,0.69999999999999996,4.6906986362262355,0.071823204419894746,41,0.76200000000000001,2,1,11
2016-04-11 10:00:00,255,TAKE,,A,1,-0.059268554067411001,0.69713048071726524,-0.025806944987331052,0.29385017579405026,0.054710802216803883,3.9118223584953062,2.860852861473151,4,0.80000000000000004,3.9391777596036794,0.014492753623195718,35,0.95799999999999996,2,0,10
2016-04-06 11:00:00,256,TAKE,,A,-1,-0.2353801261388864,0.79382311335046962,0.069557060024112646,0.077714477653177877,0.061876504384342508,6.187650438424491,2.517931123567156,0,0.69999999999999996,6.2185886906166292,0.011627906976750143,17,0.70599999999999996,2,2,11
2019-11-04 05:00:00,257,TAKE,,A,1,0.15571485079675593,1.3506735703843122,0.023186785621665307,0.05682739022769312,0.16584068641027691,7.6286715748729144,2.8429736198725677,0,1,7.8359724328857538,0.10714285714283811,19,0.25600000000000001,1,0,5
2014-02-18 11:00:00,258,SKIP,7,,1,0.83853480419469251,1.074557825247699,0.25344137008087414,0.065149118806054632,0.70681741709356449,5.394132919923436,3.08250505456073,0,0.69999999999999996,6.0637494203277491,0.24390243902437841,19,0.34200000000000003,2,1,11
2020-09-15 11:00:00,259,SKIP,3,,-1,-1.064270311489971,0.41099364922176157,0.11627126008787181,-0.11080516048553421,1.7287551315145824,1.8790816646897599,2.0846744366083949,9,0.40000000000000002,3.6078367962043423,0.35714285714286076,6,0.64600000000000002,2,1,11
2015-01-08 06:00:00,260,SKIP,4,,-1,-1.6225696111026313,0.28019768740935225,0.015157408955231674,-0.048797574340639936,0.41838917371282774,2.4704884543040735,0.82316085858240862,0,1,3.8451957393603577,0.24999999999998224,17,0.47199999999999998,1,3,6
2014-08-25 03:00:00,261,SKIP,4,,-1,-0.662958051313843,-0.042425535174379365,0.026468583631306192,0.04698300523535727,0.41436445714383829,2.7122037194858999,0.7168091892272368,5,0.80000000000000004,4.3319920519566741,0.55555555555558189,14,0.314,1,0,3
2021-06-03 11:00:00,262,TAKE,,A,1,0.59590074145065552,0.2319486094633037,-0.18615934224838099,0.062852016095776508,0.34153255693940976,1.6735095290026614,1.009654660741776,4,0.40000000000000002,2.9371799896782056,0.228571428571468,50,0.25,2,3,11
2021-04-01 13:00:00,263,SKIP,7,,-1,-0.17733114613467071,0.027251166859263785,0.08945056415417417,0.022100243730933621,0.29153880469122762,2.1795996350723557,0.90892813402566386,5,0.20000000000000001,2.7487944442313834,0.21978021978022202,0,0.98199999999999998,3,3,13
2011-10-06 03:00:00,265,SKIP,4,,-1,-0.68501972654704923,0.9643538092344961,0.019437039169688308,0.0087355327010124953,0.34992234945153183,6.1042009848755283,2.2566518340775472,2,1,6.4346832038019137,0.28333333333333888,32,0.112,1,3,3
2012-11-09 11:00:00,266,TAKE,,A,-1,-0.72331491721408459,-0.17780004491334625,0.040944633787840828,0.17280315197531831,0.29501291155939657,2.7005028058121416,0.89884131632390873,3,0.59999999999999998,3.2905286289307734,0.23529411764707195,7,0.68400000000000005,2,4,11
2018-05-11 06:00:00,267,SKIP,3,,1,0.85596646045846325,0.13517606576767585,0.010379445583410229,0.1096693599326079,0.13132460872025323,4.2023874790439359,0.96260314655267387,5,1,4.6839110443510537,0.071428571428607687,1,0.073999999999999996,1,4,6
2021-12-14 03:00:00,268,SKIP,7,,-1,-0.54910098613717551,-0.30825554868821159,0.062965715983581208,0.14149631301544288,0.2242116348573002,2.1922915408268406,0.50544558173313769,1,1,3.6372109654627165,0.38095238095238415,18,0.073999999999999996,1,1,3
2019-10-17 06:00:00,269,TAKE,,A,-1,-0.5057473915200521,-0.053132968565794345,0.068028454632035051,0.11846077219478672,0.37438709132989012,2.2879211136825637,1.2427011300710251,2,0.90000000000000002,4.4510465302551934,0.15686274509803649,10,0.017999999999999999,1,3,6
2018-11-21 08:00:00,270,TAKE,,A,-1,-1.5873560859721008,-0.3497039714112497,0.37239935326084928,0.024981596344206426,0.17591984504516864,4.3320261842358283,0.57900279422863787,1,0.90000000000000002,4.8597857193711471,0.10769230769230718,22,0.85599999999999998,2,2,8
2020-06-23 06:00:00,271,TAKE,,A,1,0.83991051980187215,0.81414031134713771,0.18138527335915838,0.096285038225420977,0.13735830854878772,5.1921440631444922,2.5401790430177025,1,0.10000000000000001,5.3020307099835264,0.067796610169489693,15,0.192,1,1,6
2020-02-11 09:00:00,272,TAKE,,A,-1,-1.4242438424644124,0.47522711709196724,0.26663880300406634,-0.00091200651098029143,0.34029925455368287,4.2348351677786598,1.6653397033655064,3,0.69999999999999996,4.5373233940485589,0.11111111111111403,8,0.316,2,1,9
2012-01-19 09:00:00,273,SKIP,3,,1,0.12954064609770699,0.42000648794880691,0.049480814989985279,-0.0051828644951766277,1.1546361267668013,4.0412264436833603,1.7197801308791685,3,0.90000000000000002,5.1718076511424069,0.39130434782605739,14,0.28199999999999997,2,3,9
2010-06-18 11:00:00,274,TAKE,,A,-1,,-0.24019908571033305,0.10002544018098174,0.2255497682241597,0.10932107582328715,3.3889533505201617,1.6183823348213402,1,0.69999999999999996,3.4764102111787603,0.036697247706427641,22,,2,4,11
2017-03-01 09:00:00,276,SKIP,4,,1,0.16239490704667731,0.42277101914218945,0.19013267061696379,-0.0030041516547876929,0.7599520509823624,5.8457850075558797,1.6905704424908812,3,0.80000000000000004,6.5472792084626121,0.3750000000000222,11,0.33600000000000002,2,2,9
2011-06-08 11:00:00,277,SKIP,7,,-1,-0.27686344539799668,0.3253037934767336,0.25724822974143841,0.31053971925035223,1.1808510967615018,3.556953913415648,3.3857507567978917,2,0.69999999999999996,4.7234043870458846,0.6632653061224425,1,0.66200000000000003,2,2,11
2013-12-19 07:00:00,278,SKIP,3,,1,0.39885311944399826,0.44491055501779964,0.00084243197346849802,-0.039929703693055367,0.62584867276088663,3.1292433638043589,1.0727511362154176,2,1,4.4330947653894901,0,20,0,1,3,7
2010-09-09 09:00:00,279,SKIP,7,,-1,-0.34473129700886818,0.56066284862007998,0.0029455857041250206,0.018613130840542065,0.24296885902364163,2.7266505290429999,1.7376962084921692,0,0.90000000000000002,2.9426228481751129,0.13559322033897939,24,0.32800000000000001,2,3,9
2013-12-23 09:00:00,280,SKIP,4,,1,0.568500482779418,0.10905387100856272,-0.17683416804914576,0.11832367462174177,0.33742765415726378,1.7353422213796754,1.2319192594260575,2,1,2.9404409862266743,0.16216216216216631,50,0.021999999999999999,2,0,9
2015-05-11 09:00:00,281,SKIP,3,,1,0.8612635858314267,0.006176199501860935,0.01082610679486248,0.046703797167037209,0.93000012660673337,1.2658335056590904,1.1655063791524374,5,0.90000000000000002,2.1700002954155519,0.8139534883720938,0,0.59799999999999998,2,0,9
2019-08-29 04:00:00,282,TAKE,,A,1,-0.096691201049949521,0.088416765170690484,-0.22306995665652199,0.15463829146160074,0.07935519525355908,1.8648470884576798,1.0020668216535826,2,1,5.2374428867322207,0.027027027027021838,0,0.089999999999999997,1,3,4
2011-04-07 08:00:00,283,SKIP,3,,1,0.89820926487759833,0.39576318239695313,0.085620186003992807,0.0074548532065435401,1.0188637648449217,2.9067583879396479,1.7013015111094716,6,1,3.8956555714655461,0.40540540540541581,30,0.025999999999999999,2,3,8
2016-03-31 10:00:00,284,TAKE,,A,-1,0.33529316169401363,-0.047003957423145122,0.26273011872336333,0.13007625277020704,0.23865447487893909,3.1920036015047453,1.5224525763724264,1,0.69999999999999996,3.4008262670237484,0.078651685393258702,19,0.75800000000000001,2,3,10
2018-12-12 04:00:00,285,SKIP,4,,-1,-0.8365767379334258,0.59370628747827758,0.033297170722538842,-0.1374513212497612,0.88740321073230466,3.0171709164894978,1.4170252788111204,2,0.90000000000000002,4.1530470262267194,0.34482758620690246,17,0.0040000000000000001,1,2,4
2021-07-05 03:00:00,287,TAKE,,A,1,0.98938638323055117,0.13513118741898894,-0.012812295036578381,0.092634195455479851,0.1660299465315957,3.0881570054870005,0.91378326676289545,8,1,4.0179247060637291,0.19047619047617115,50,0.55200000000000005,1,0,3
2018-07-25 10:00:00,288,SKIP,7,,1,-0.056606730165742414,0.17411793186537722,-0.10720285296120716,0.1146611631754348,0.39619641401310263,1.7432642216572463,1.0599839054131361,2,0.80000000000000004,2.5356570496832824,0.31034482758621196,26,0.029999999999999999,2,2,10
2015-12-29 13:00:00,289,SKIP,7,,-1,-1.0258688178281401,0.95233424948639089,0.54850137638146423,-0.055979412411506807,0.95385527878775667,5.1985112693926627,3.1903185231516145,3,0.40000000000000002,6.1046737842409105,0.45454545454543105,4,0.11799999999999999,3,1,13
2017-09-20 03:00:00,290,SKIP,3,,1,0.52888113657358549,-0.19336787646552633,0.020133961771093511,0.033864517205541733,0.18741556159243267,3.186064547070512,0.27348471936385599,6,1,6.809432071189871,0,14,0.14399999999999999,1,2,3
2016-10-05 07:00:00,291,SKIP,3,,1,0.44371318057519366,0.99619995508485892,0.10887003217045042,0.0094338823267475069,0.44613258089124852,5.3040206839282504,2.374492679435213,2,1,5.7005829780537542,0.40000000000002134,50,0.048000000000000001,1,2,7
2020-08-03 08:00:00,292,SKIP,3,,1,0.32106428025257899,-0.28537121336742249,0.022933224246641279,0.11399056320448323,0.20376347003387693,2.0783873943456839,0.43347801800226848,3,1,3.6269897666032178,0.21052631578946385,13,0.40799999999999997,2,0,8
2019-05-20 03:00:00,293,SKIP,7,,1,-0.12054771437033353,0.61882401281572597,0.12790518656235003,-0.058856646939875495,0.3585444201440311,4.1431799661080175,1.3754708646173257,2,1,5.1391366887301313,0.36842105263154745,7,0.308,1,0,3
2012-02-07 11:00:00,294,TAKE,,A,-1,-0.29204957113407148,0.072394394606000972,0.1542950495319696,0.32993837711548041,0.22950216362640993,4.5572572491515926,2.9435543552523784,5,0.59999999999999998,4.7703664010903291,0.057017543859647454,0,0.96799999999999997,2,1,11
2019-05-27 07:00:00,295,SKIP,3,,-1,-0.41830674332367618,-0.21531612149588369,0.073405426371732058,0.043517646139573304,0.1835485568953299,3.7811002720429405,0.2863632954877437,3,1,5.8735538206492004,0.19047619047615824,7,0.28999999999999998,1,0,7
2014-10-17 06:00:00,296,TAKE,,A,-1,-1.3136142087907197,0.79165086209279534,0.067852744889200511,0.081356093972376919,0.60549365818307443,6.3144338639085476,2.7436028083456483,1,1,8.0098161068209599,0.30357142857142155,16,0.88800000000000001,1,4,6
2015-07-22 07:00:00,298,SKIP,3,,-1,-1.2251004292126551,0.11479554930957027,0.035089911290032319,0.058274249354849407,0.36876405464056206,1.8899157800322337,0.8145372446188337,9,0.5,4.6095506830054864,0.55555555555559066,16,0.028000000000000001,1,2,7
2020-12-18 04:00:00,299,SKIP,3,,1,1.1036033998074615,0.15477954548337269,-0.12979634569507523,0.076769533830619976,0.43346641880542713,2.8717150245855119,1.0338976076512469,2,1,3.9553810715989259,0.24137931034482929,50,0.0040000000000000001,1,4,4
2012-03-08 03:00:00,300,SKIP,3,,1,0.61184335549637259,0.75145962987531867,0.16038428365806237,-0.064868142325844674,0.30610387352135465,5.8438012217690662,1.5855502890884909,2,1,6.205560345021425,0.41666666666667651,13,0.182,1,3,3
2015-06-11 03:00:00,301,SKIP,3,,1,0.10814908820982039,0.37381704537863536,-0.17540879653314501,0.029425728260305446,0.38015703028341552,2.3846213717771767,0.80729274457307953,4,1,4.6310038234513557,0.22222222222224855,44,0.17999999999999999,1,3,3
2013-04-16 07:00:00,302,TAKE,,A,-1,-0.49493869754760628,-0.29924897093637859,0.35841025392039133,0.089980853765804683,0.87569226812006018,3.1494195607825488,0.98947610767748151,1,1,4.8547150302794426,0.090909090909105594,50,0.97799999999999998,1,1,7
2017-02-21 03:00:00,303,SKIP,3,,1,0.063582416077837225,0.53235293038553955,-0.058270171494080605,0.059041807939206069,0.36684122244313305,2.2010473346576904,1.6242720036539764,0,1,3.1181503907650669,0.25,28,0.002,1,1,3
2011-02-23 11:00:00,304,TAKE,,A,1,0.098439148298165552,1.0949666795117319,0.12342783821649465,0.17207978709305877,0.49032610019538597,7.1484384081112022,2.9801072901193626,1,0.10000000000000001,7.6258611898803697,0.058139534883702097,50,0.95799999999999996,2,2,11
2021-09-29 10:00:00,305,TAKE,,A,1,0.77033102384368379,-0.06870101292556581,0.25465981246349928,0.060740388014688396,0.29609419817963084,3.2076871469459074,1.0017927494725085,1,0.80000000000000004,3.9725971589098954,0.17460317460317101,21,0.872,2,2,10
2014-04-11 07:00:00,306,SKIP,4,,1,0.58407058775798659,-0.095124429590716764,-0.06960205333994364,0.1243448699522189,0.29014590032022453,1.644160101813781,0.90554186709488338,4,1,3.1432472534675187,0.19230769230772174,8,0.0060000000000000001,1,4,7
2013-03-05 08:00:00,307,SKIP,4,,-1,-0.85199615168090326,0.053446739262875492,0.14054280762390656,-0.069611528775261972,0.5096810774827002,4.2734798035080228,0.55293172014080505,5,1,5.4496669053909494,0.24137931034481069,5,0.14199999999999999,2,1,8
2012-06-29 09:00:00,309,TAKE,,A,-1,-0.95433882203368248,0.76846658169298432,0.48524352800886128,0.16580142009495702,0.10230619545803968,7.7582198222307008,3.6836825349074069,1,0.80000000000000004,7.8434749851123522,0.029585798816566405,6,0.83599999999999997,2,4,9
2017-06-12 07:00:00,310,TAKE,,A,-1,-0.70185537900364547,0.35898578270616627,0.092704215827856415,0.10839652880732364,0.65467873047407443,3.8844271341456622,2.5804843122173575,4,0.69999999999999996,4.4954606159213863,0.21538461538461673,18,0.39400000000000002,1,0,7
2021-03-26 07:00:00,311,SKIP,4,,-1,-0.19182376950601046,0.46349196915680546,0.33268758321038,-0.025100871807202656,0.72494176874255944,5.2723037726729727,1.761052566031184,3,1,5.9752776090293525,0.21875000000000069,4,0.48199999999999998,1,4,7
2014-08-21 10:00:00,312,TAKE,,A,-1,-0.78587789731722058,0.31400566338000052,0.037811577104170567,0.14713493316570214,0.72033516753874782,4.9270925459644976,2.4656995898014555,4,0.29999999999999999,5.6186143068016019,0.2926829268292645,14,0.79000000000000004,2,3,10
2020-10-27 11:00:00,313,SKIP,3,,-1,-0.01674279639775228,0.098562332521080584,0.21001888572995067,0.0042892153987737387,0.39309558711111764,2.3585735226665103,0.89139969432431143,5,0.5,2.8695977859109019,0.09677419354839005,4,0.35599999999999998,2,1,11
2021-10-13 12:00:00,314,SKIP,7,,1,1.1656865847142905,-0.22216150150474345,-0.01077255746500202,0.13833048038551701,0.38585673164669032,2.3557568879480599,0.93853998135353367,5,0.5,2.7822301176628121,0.28125000000001038,18,0.86599999999999999,3,2,12
2012-07-26 07:00:00,315,TAKE,,A,1,0.59457076431363987,0.12314708027041708,0.01493956260107974,0.067843122709360298,0.14833589127034499,5.0434203031901941,1.5355501013143154,5,0.90000000000000002,5.382473768950871,0.050420168067228294,0,0.54800000000000004,1,3,7
2016-05-16 03:00:00,316,SKIP,3,,1,0.61122982978455032,0.75527814937951443,0.24171541440253994,-0.03588397903339386,0.31780079677109974,4.2903107564084069,1.741974105897685,5,1,4.965637449546775,0.42857142857144309,9,0.024,1,0,3
2010-11-04 08:00:00,317,SKIP,4,,1,0.44975957169659492,0.98744509093723265,0.079517266963977415,-0.056150671929553232,0.99491872577321772,6.2913978247423596,2.3299020817908822,0,1,7.2570542350516449,0.10344827586207066,50,0.13200000000000001,2,3,8
2013-12-18 03:00:00,318,SKIP,3,,1,0.3741100668332159,0.13574068184400992,0.010143701865024274,0.018618718997943699,0.44498330435423805,2.1754739323980599,0.63605920492604173,4,1,5.0431441160136909,0.37499999999984457,5,0,1,2,3
2018-05-02 03:00:00,320,TAKE,,A,1,0.60653517836430759,-0.41768870926428064,0.16154335111226764,0.096076300183815799,0.2066546128915131,3.5544593417322043,0.46551206445889887,1,1,5.1250343997069407,0.16666666666669627,19,0.17999999999999999,1,2,3
2017-09-01 08:00:00,321,TAKE,,A,-1,-0.31667539688899415,0.35368923647317535,-0.18168360520907464,0.16464685969701107,0.16175507860436802,2.8576730553423411,2.0025068586598334,2,0.90000000000000002,4.529142200919968,0.045454545454552797,22,0.29199999999999998,2,4,8
2020-05-12 11:00:00,322,SKIP,3,,1,0.055306146845032447,0.75137353136098928,0.2284004697193707,-0.042150323039268467,1.0156283989138919,4.2402485654653965,2.3218740214302684,4,0.59999999999999998,5.2304862544064195,0.23684210526315594,24,0.068000000000000005,2,1,11
2014-03-03 06:00:00,323,SKIP,4,,1,1.022039168608009,1.1625325025940554,0.087304733270657242,-0.074184253130732986,0.6975695557403353,6.5850566061880151,2.6466632662251066,0,1,7.9522929354389422,0.15151515151518022,21,0.876,1,0,6
2011-05-10 08:00:00,324,SKIP,4,,-1,-0.44687204916625817,0.30965085685143723,-0.0090984785582825019,0.062168246460986634,0.29976512548178863,2.0127086996634551,1.1397587688867126,4,1,3.586475608442838,0.45762711864403433,25,0.872,2,1,8
2019-04-08 13:00:00,325,TAKE,,A,1,1.1947286469914367,1.2509231335391851,0.23005779220452341,0.16176375181650759,0.57153993389530255,4.2674981730843768,3.5537255432308883,0,0.5,4.800935444719924,0.12500000000000741,25,0.75600000000000001,3,0,13
2016-01-07 11:00:00,326,TAKE,,A,-1,-0.86245207387017342,-0.53112616786812228,0.31106817949056398,0.18438814708023998,0.43641773828553032,3.4913419062839326,1.1228142669706662,1,0.5,4.2848287031666255,0.20999999999999375,50,1,2,3,11
2011-11-18 05:00:00,327,TAKE,,A,1,0.97591137717882304,-0.74645733996861963,0.14615394989331543,0.19435565317337336,0.33521559188730421,2.5758671797652606,0.45670979430091119,1,1,6.633740134189984,0.31034482758621196,17,0.318,1,4,5
2019-08-06 08:00:00,328,SKIP,3,,-1,-0.34074064630094403,0.075242123082378862,0.071288089199921606,-0.071593463876647778,0.22016663298474737,3.6877911024942787,0.37424502717637326,4,1,5.2014367042643066,0.2258064516129025,7,0.82399999999999995,2,1,8
2019-02-01 09:00:00,329,TAKE,,A,1,0.55175894009365856,-0.29445545527684269,0.045835023649580586,0.097000740055066481,0.64131569947833067,1.9239470984347968,0.94943958233546821,1,0.80000000000000004,5.6191470811428861,0.2777777777777794,17,0.436,2,4,9
2015-11-24 07:00:00,331,SKIP,4,,-1,-0.94157085991616096,0.37396603806254303,0.043144315931764141,-0.098021571456471418,1.3544568779480908,1.86614058739509,1.6178291858655081,0,1,3.4914888409327136,0.35294117647059808,18,0.56000000000000005,1,1,7
2017-09-13 11:00:00,332,SKIP,4,,1,0.140834692978175,0.85312586156460546,0.21027777105765885,-0.021302129915122377,0.93492071506599228,3.3761025821824813,2.4064213612036847,4,0.5,4.2590832575224891,0.29999999999999466,27,0.48199999999999998,2,2,11
2021-09-06 08:00:00,333,TAKE,,A,1,0.070242274987924597,-0.48383218722124272,0.1654573290113695,0.14835281491473615,0.30289927633311753,2.625127061553175,0.53947750418562357,1,1,5.25025412310635,0.30769230769229505,17,0.029999999999999999,2,0,8
2015-10-30 13:00:00,334,SKIP,3,,-1,-0.24364712469457495,0.28425300364548722,0.021297290189574922,0.090204475895550182,0.78005212648145295,2.2143415203342163,1.9069611611016042,6,0.5,2.969230674993605,0.44776119402985487,50,0.77200000000000002,3,4,13
2016-05-06 10:00:00,335,TAKE,,A,1,0.61768880917999003,-0.29287573502656661,0.02720797346172335,0.12608508673653801,0.25685841453860814,2.3630974137546623,0.91821274399954322,1,0.69999999999999996,3.2621018646395901,0.11999999999999507,17,0.84199999999999997,2,4,10
2013-11-22 09:00:00,336,SKIP,4,,-1,-0.83736884859770222,0.66615971389956397,-0.16371622463061156,0.080568998925798149,1.0466882633288459,1.0869455042261289,2.060251537000902,0,0.90000000000000002,2.4556916947330105,0.3636363636363783,26,0.10000000000000001,2,4,9
2020-08-17 11:00:00,337,TAKE,,A,1,0.42383578478508094,0.081130637972598701,0.11526665498834214,0.2990543294708361,0.23816438495549491,3.7629972822970292,1.7895549747346466,3,0.59999999999999998,3.9535287902614318,0.22222222222221782,0,0.222,2,0,11
2018-09-03 10:00:00,338,SKIP,3,,1,0.67211219789802401,0.05737049672071836,0.15817876165255568,0.05396938961756876,0.62495974573170232,2.6134680276046036,1.3815420495662405,1,0.80000000000000004,3.1816132509969646,0,0,0.01,2,0,10
2014-01-17 03:00:00,339,SKIP,3,,-1,-0.76602633337123571,0.1600141949927143,-0.044278759178293714,0.099407981958723038,0.17300987119568881,2.897915342525283,0.98909774549162066,8,1,4.3252467798884711,0.17647058823529904,50,0.30399999999999999,1,4,3
2017-05-29 09:00:00,340,SKIP,3,,1,0.18197506222089965,0.24809143830017724,0.0019381048971453172,0.014212407770763819,0.29615774340653966,2.1154124529032021,0.71989559307012108,2,1,3.4269681737031967,0.50000000000002964,17,0.51400000000000001,2,0,9
2012-05-15 03:00:00,342,TAKE,,A,-1,-1.2074919459189513,-0.34973309023529348,0.2305477950784087,0.067428172946615655,0.15835630029073203,2.0322391870628627,0.50872209924963352,1,1,3.2726968726726655,0.13157894736844764,34,0.58199999999999996,1,1,3
2018-12-26 10:00:00,343,TAKE,,A,-1,-1.1327013566415356,-0.50579492230254852,0.33640663700732731,0.11449164159125208,0.96605721945879997,3.2000645394571605,1.8645102917324043,1,0.80000000000000004,5.0315480180143926,0.32191780821917709,50,0.71199999999999997,2,2,10
2010-06-15 05:00:00,344,SKIP,3,,-1,,0.12738927579574499,0.0080767681627148692,0.090234617382416588,0.33195419521889463,2.7441546804758516,0.96377732372093528,8,1,4.3154045378450645,0.33333333333333331,1,,1,1,5
2011-09-08 09:00:00,345,SKIP,3,,1,-0.076350270428196504,0.46600698314008943,-0.29018762173092194,0.031383495946080441,0.6048881431186095,1.1752112494874474,1.0110444144938757,2,0.90000000000000002,3.2663959728401473,0.20202020202020593,41,0.41399999999999998,2,3,9
2013-12-10 03:00:00,346,SKIP,3,,1,0.2626548216188439,0.13027455669111593,0.14209460275331762,0.079615471478825958,0.31416816422612326,2.872394644352243,0.94767541057831584,5,1,3.8597803033483205,0.16666666666664692,1,0.016,1,1,3
2012-08-06 11:00:00,347,TAKE,,A,1,0.39322828111842051,0.61653937584876695,-0.2076313187892084,0.098930445177040929,0.93405011139926719,2.0803843390255254,2.5672517334549427,0,0.69999999999999996,2.9932060388020423,0.35245901639344446,27,0.63800000000000001,2,0,11
2015-11-03 11:00:00,348,TAKE,,A,1,-0.12655206918672934,0.71802383913901835,0.28275838058486663,0.097299501016967729,0.72868693800786932,4.2506738050455093,3.0482921450871636,5,0.69999999999999996,4.9489987873029513,0.30263157894735859,16,0.47599999999999998,2,1,11
2011-08-25 03:00:00,349,SKIP,3,,-1,-0.65879721325867846,-0.13439146624992204,-0.074840223756824198,0.070201589123763744,0.38099135447666427,1.4036523585980494,0.55426561072908975,5,1,3.890122250971745,0.40909090909092671,9,0.17399999999999999,1,3,3
2020-01-13 04:00:00,350,SKIP,3,,-1,0.18158194598644459,-0.26426042773318448,0.15246597215344121,0.019697401350853266,0.12328393580539526,2.4656787161066207,0.15141239969919465,2,1,4.8902627869448345,0.035714285714303844,50,0.58999999999999997,1,0,4
2012-12-10 04:00:00,351,SKIP,3,,-1,-0.16395678490106022,-0.01460106676152627,0.22290223269315579,-0.032843816860127349,0.36463048535549442,2.4794873004167712,0.65752259321307049,5,1,4.5214180184070836,0.27272727272728448,50,0.048000000000000001,1,0,4
2015-07-14 12:00:00,353,TAKE,,A,-1,-1.1492124729337918,0.28930427735444342,0.34791377110988753,0.16108435415898573,0.21338917877639427,4.112591445507098,2.3676784978778977,1,0.5,4.3065816080310348,0.099009900990106953,1,0.95199999999999996,3,1,12
2021-06-01 03:00:00,354,SKIP,3,,1,0.40940247161008342,0.96248928787312937,0.2537613287213718,-0.0052312781637662009,0.39092061896484076,4.1698199356240631,2.2444725492101583,2,0.59999999999999998,4.5173049302594634,0.50000000000008882,18,0,1,1,3
2019-05-17 05:00:00,355,SKIP,3,,1,-0.1741469738030923,0.45808433530902604,-0.23576809660943124,0.041386065273072863,0.64102060340855049,1.8375923964375693,1.1354011776574859,2,1,3.4615112584056624,0.32142857142858228,39,0.24399999999999999,1,4,5
2018-10-03 13:00:00,356,SKIP,3,,1,1.2113492119252238,0.18473552541863525,0.010937916794361013,0.10725163778367652,0.78502493703546961,3.8647381515589507,1.6727681561332794,7,0.29999999999999999,4.6195698217853076,0.055555555555581872,50,0.84799999999999998,3,2,13
2016-02-22 03:00:00,357,SKIP,3,,-1,-0.34576336427139159,0.051922628877668832,0.33255681041781432,-0.012540724251534928,0.10932524961693682,4.2636847350573248,0.66811902093614384,1,1,4.7374274833970391,0.22222222222224855,0,0,1,0,3
2017-10-13 09:00:00,358,TAKE,,C,1,0.17485874517183125,1.2501728314554827,0.48010999963056533,0.0056905429264293237,0.36311716861382892,7.7292083033499113,3.0989828064653944,3,0.80000000000000004,8.0404515907331398,0.14285714285712112,10,0.57999999999999996,2,4,9
2021-09-15 03:00:00,359,SKIP,3,,1,0.30242871150102929,0.36694882663053696,0.082541817840696044,0.013025773766738837,0.16254633573199051,4.1042949772306239,0.97209441958407605,2,1,5.038936407689107,0.21428571428572155,6,0,1,2,3
2018-04-10 07:00:00,360,SKIP,4,,-1,0.033036875799517758,1.6228365819786856,0.23370876819093336,-0.11267377857438994,0.73586180823068603,5.5838925448083607,3.2029759944892162,0,0.90000000000000002,6.2764683643194576,0.40909090909092671,20,0.27800000000000002,1,1,7
2010-12-20 13:00:00,361,SKIP,3,,1,0.49250701448455014,0.14055727687457012,0.014756300274829532,0.093943086238852488,0.083478529304896534,3.3113149957607639,0.8241637583949285,6,0.59999999999999998,4.1461002888096896,0.099999999999978689,19,0.17199999999999999,3,0,13
2014-04-17 10:00:00,362,SKIP,3,,1,0.76288437653641983,-0.031298560975020658,-0.02744154238681256,0.038466649909702895,0.54847827845338093,2.0910734366031374,0.64512523218814988,7,0.80000000000000004,3.1194702087031048,0.45454545454545453,5,0.60199999999999998,2,3,10
2020-02-20 09:00:00,364,SKIP,4,,1,-0.53868979198053901,0.80084416811897707,-0.14655789717772927,0.098379591910839281,0.70988051495130766,3.340614188005969,2.0934187856678403,0,1,4.0504947029572467,0.052631578947358579,39,0.13600000000000001,2,3,9
2019-05-03 08:00:00,365,SKIP,3,,-1,0.19720252503776972,-0.59706849309075061,0.31191692449306907,0.09246271663485027,0.23785955505446915,3.6471798441666117,0.32073941522206395,1,1,3.8453961400452794,0.20000000000004547,29,0.68600000000000005,2,4,8
2017-06-27 04:00:00,366,SKIP,3,,-1,-1.1922068658414833,0.47759242082291703,0.070244259237507573,0.063503723827018382,0.92342633576893918,5.3232812297265335,1.8580049726621017,1,1,6.1923883692737451,0.23529411764705144,15,0.14999999999999999,1,1,4
2016-11-16 09:00:00,367,SKIP,4,,-1,-0.85377156058568471,0.31036030282091631,-0.37867271244721706,0.035212539239076968,0.32224256328841189,1.3211945094822712,0.47128034273847658,2,0.90000000000000002,3.7057894778161526,0.31034482758621956,38,0.80800000000000005,2,2,9
2013-01-17 09:00:00,368,TAKE,,A,1,0.92160124027598711,0.98685671873205261,0.29517265180372521,0.096119887484838948,0.89325177531022382,4.2518784504761742,3.590362684903353,2,0.90000000000000002,5.1094001547739243,0.39344262295083493,20,0.34000000000000002,2,3,9
2011-05-18 03:00:00,369,SKIP,3,,-1,-0.84565091364832123,0.38345030605018476,0.18847781823236445,-0.095125263137318783,0.59950660330209948,5.1520098721275538,1.0379100713263349,2,1,5.7515164754296535,0.67647058823531381,8,0.34200000000000003,1,2,3
2016-10-10 06:00:00,370,SKIP,3,,1,0.7602847562538112,-0.57966757545591119,0.13380634405607417,0.13019854115433965,0.30320771539754848,2.035823231954335,0.30444729751011529,1,1,6.1507850837769498,0.15999999999999659,17,0.28399999999999997,1,0,6
2014-08-05 03:00:00,371,SKIP,3,,-1,-0.65145522194054317,0.46570311209014092,0.013736591372078296,-0.056034896405015869,0.17189671628014544,4.2974179069999101,0.86418409972788424,2,1,5.6296174581698928,0.20000000000000001,15,0.188,1,1,3
2020-11-04 08:00:00,372,SKIP,4,,-1,-0.49577308967704992,0.49283736753643725,-0.042507722197472571,0.048735946701795999,0.21614928836735506,2.7706408781630332,1.2529593584306227,2,0.59999999999999998,3.2618892608160519,0.33333333333332454,44,0.97599999999999998,2,2,8
2013-11-26 04:00:00,373,SKIP,4,,-1,-0.67780337464805818,0.49511632453274718,0.2066781264643813,-0.073456403309914056,0.39629093280260846,5.1878085748698597,1.3163385118163347,3,1,5.5480730592358531,0.34782608695652978,9,0.29599999999999999,1,1,4
2015-10-13 11:00:00,375,TAKE,,A,1,0.43532366249933629,-0.44434009164561511,0.26627593641301822,0.21885088569745159,0.46158012288289113,3.5827409538046671,1.5717110893600614,1,0.59999999999999998,4.022341070835922,0.20000000000000284,25,0.91200000000000003,2,1,11
2012-09-12 05:00:00,376,SKIP,7,,1,0.39173658265369687,0.60200869852650052,0.089500794403455305,0.060601404900005804,0.78405873255332403,3.0781565055794444,2.4139856499920755,0,0.90000000000000002,3.833176025815884,0.2131147540983534,36,0.32200000000000001,1,2,5
2010-07-22 13:00:00,377,TAKE,,A,1,0.14186365922956387,0.98860374118268601,0.53842713534437281,0.085465191786653752,0.19832405451233387,5.4142466881854912,3.082044247616706,1,0.5,5.5927383372465584,0.13846153846154249,4,0.77000000000000002,3,3,13
2011-11-16 09:00:00,378,TAKE,,A,1,1.0476744721618472,0.49089529217763139,0.16003519523767412,0.18193398948086426,0.26571972429103541,3.7865060711466643,2.9839714561723252,4,0.90000000000000002,4.0356183126694329,0.08108108108106904,22,0.49199999999999999,2,2,9
2021-12-10 04:00:00,379,TAKE,,A,-1,-0.6742734414443855,-0.55962741198056776,0.12387961453769829,0.16111234765487997,0.093072348978525482,2.3733448989528956,0.577482547136008,1,1,4.0253790933220372,0.044776119402986654,20,0.13600000000000001,1,4,4
2018-08-20 04:00:00,380,SKIP,3,,-1,-0.47311926704548202,0.17296854276600915,-0.08358125111748603,0.11256365887568369,0.3560445408863645,2.5940387978861219,1.0585237390799989,4,1,5.0863505840903844,0.37499999999993339,34,0.02,1,0,4
2017-09-29 05:00:00,381,TAKE,,A,1,0.83938622901559179,-0.56985900179027016,0.072738570894029811,0.17589357405851549,0.11190303348825943,2.9654303874363106,0.39007086324596901,2,1,8.4486790283562527,0.049999999999991121,15,0.39000000000000001,1,4,5
2017-03-21 03:00:00,382,SKIP,3,,-1,-1.2710395609360412,0.0073695732133503859,0.19112477359772204,-0.021030729486950492,0.32441158404163128,3.3089981572238738,0.39831267476948945,3,0.90000000000000002,5.839408512748026,0.5,0,0.16800000000000001,1,1,3
2013-08-14 09:00:00,383,SKIP,3,,1,0.28061015529110572,-0.097060483727557559,-0.11560329289804246,0.054233428297724311,0.16661844903301865,2.2771188034500711,0.20938836998380231,5,0.90000000000000002,4.2210007088343415,0.12820512820516183,3,0.27400000000000002,2,2,9
2019-01-29 05:00:00,384,SKIP,3,,1,0.51152278481415081,-0.1939178836828081,0.29149826891653358,0.075220547837373558,0.14157244473973987,4.1409940086352792,0.93179381623273438,3,0.90000000000000002,5.1673942329978653,0.093750000000003469,27,0.11600000000000001,1,1,5
2014-08-28 07:00:00,386,SKIP,3,,-1,-0.52791838768242116,-0.25395430356544935,-0.0057682117508754864,0.16073566597246844,0.15464647962295922,2.7320878066695933,0.8774155541316595,4,1,4.5362967356023098,0.068965517241364099,17,0.016,1,3,7
2018-04-06 05:00:00,387,SKIP,3,,1,0.20936095048000808,-0.31537468354924697,-0.078073706593412021,0.099143409367460189,0.32861930008349494,1.8621760338058313,0.48099359250354867,7,1,4.7467232234266223,0.25,8,0.56599999999999995,1,4,5
2015-12-22 11:00:00,388,SKIP,3,,-1,-1.4005541016872329,0.2060387832684682,0.042005609731678439,0.044747421270431714,0.81172037976494782,2.7192632722121961,1.6666925355791644,4,0,3.490397632988794,0.43181818181817888,14,0.192,2,1,11
2012-06-07 08:00:00,389,TAKE,,A,-1,-1.5792579394222359,0.14363128023373492,-0.0075218885445782011,0.23084022222138803,0.38519370100781419,3.7100235412852753,2.5693195152433548,4,0.90000000000000002,4.0749438896084031,0.11320754716980744,0,0.69799999999999995,2,3,8
2021-02-12 12:00:00,390,TAKE,,A,1,1.6100867860799051,0.64175556538862044,0.52809258432153106,0.30122458334316454,0.81051888157836727,6.4841510526268271,4.9753615724265181,1,0.29999999999999999,7.2634961310675497,0.18796992481202932,2,0.88200000000000001,3,4,12
2019-11-27 04:00:00,391,SKIP,3,,1,0.45731824543749722,0.33798776134994107,0.0033471600609473414,0.052626076518997277,0.37221556729759686,3.1372454957933611,1.3124675222472206,2,1,3.9348502828595051,0.33333333333334647,32,0.002,1,2,4
2010-11-01 04:00:00,392,SKIP,3,,-1,0.2130718242858885,0.19911890519990133,0.1274411548588141,-0.046530725312032888,0.40942278466250065,3.9997456655487351,0.72284360080463117,3,1,5.1020377781015664,0.21739130434782339,6,0.024,1,0,4
2016-05-05 03:00:00,393,SKIP,3,,1,0.67276642120398489,0.77772496612325803,0.27224959360685702,-0.063085075255615228,0.27236814735583553,5.0728567445012001,1.6631718121184658,3,1,5.6516390576322149,0.38888888888889106,8,0.27600000000000002,1,3,3
2019-06-20 06:00:00,394,SKIP,3,,-1,-0.85577197930927162,1.203200359137075,0.24326344485100224,0.0084610507586316969,0.81168933045474101,6.2437640804207915,3.1836285177849466,3,1,7.02423459047339,0.80000000000002847,42,0.35399999999999998,1,3,6
2012-02-14 09:00:00,395,SKIP,3,,1,0.034904406526715628,0.95468971193078178,0.076308718354009542,-0.075317146388917885,1.0591158824233005,3.5215603090571319,2.4061086767105442,0,0.80000000000000004,4.6071540885409883,0.60000000000001752,35,0.14599999999999999,2,1,9
2020-06-16 09:00:00,397,TAKE,,A,1,0.80418643556310809,1.0336980857231508,0.19811405983813737,0.077169770004415217,0.29454504972372053,4.9483568353583234,3.0840173179017114,0,0.90000000000000002,5.2232655484337869,0.14432989690721726,19,0.72399999999999998,2,1,9
2021-07-01 04:00:00,398,TAKE,,A,1,0.93343490470151802,0.33039682722743419,0.063711084260931083,0.089242664562435695,0.57649680658884539,3.6963618775399096,2.0542036477049384,6,1,4.2389471072705254,0.29629629629629434,39,0.55200000000000005,1,3,4
2013-02-14 09:00:00,399,SKIP,7,,1,0.48011867444372081,-0.25469051448136087,0.0080980381720691611,0.092985177840373925,0.64268183597798456,2.4195080883874822,0.86785467044444298,3,0.90000000000000002,3.9695054575106989,0.42105263157894346,17,0.33600000000000002,2,3,9
2014-06-17 10:00:00,400,TAKE,,A,1,0.96042087212198135,-0.3265455078730522,-0.059140524688798643,0.16174190494423427,0.22592303626609025,2.6357687564363284,0.70882967214704606,1,0.80000000000000004,3.9159992952768645,0.13888888888891521,15,0.80800000000000005,2,1,10
2014-08-19 07:00:00,401,SKIP,4,,-1,-0.78762862394934396,0.38843652627073844,0.037337088744009921,-0.070586249872943901,0.33825349305180852,4.8321927578805068,1.0516657228417579,3,1,5.991919019771804,0.04999999999995737,12,0.0040000000000000001,1,1,7
2017-08-10 03:00:00,402,TAKE,,A,1,0.68381253780014772,0.59212224758790744,0.055697877072563635,0.066042831454692003,0.18076107095898497,4.7600415352519576,1.8335060125706635,2,1,4.8805489158912243,0.095238095238079121,20,0.064000000000000001,1,3,3
2020-09-25 04:00:00,403,SKIP,4,,1,-0.18844887242138722,0.67313176862285429,0.026493902478175704,-0.08881843720364356,0.72718297435567192,3.4743186552546059,1.5234809955505111,2,1,4.4034969002645754,0.51851851851852826,20,0.28399999999999997,1,4,4
2011-05-13 03:00:00,404,TAKE,,A,-1,-0.66592536334045271,0.13985283189725164,0.23057120499175759,0.054452523144476399,0.40648857488506029,4.6633272618756649,1.2629612738256448,5,1,5.9166670344378698,0.55555555555555058,1,0.78600000000000003,1,4,3
2012-04-25 04:00:00,405,SKIP,4,,-1,-0.24810060473984982,0.52293718337080997,0.011131712357999538,-0.0058454494241517267,0.49088927763198859,3.1907803046078098,1.5018227227787735,2,1,4.3770960588850381,0.42307692307688105,21,0.0040000000000000001,1,2,4
2010-10-05 03:00:00,406,SKIP,3,,1,0.48070406352692385,0.086161511096287544,-0.082930367210735073,0.071116899529274066,0.51861271598399228,1.9379738334137657,0.91737535095730793,3,1,4.2034925400805321,0.51428571428570158,2,0.39800000000000002,1,1,3
2020-11-03 04:00:00,408,TAKE,,A,-1,-0.56487407243567211,0.88047616757123925,0.054508917671168985,0.039041525189252822,0.97919452041685995,6.4315276454651116,3.2925718165214426,1,0.90000000000000002,7.3884677449633802,0.33858267716535329,17,0.95799999999999996,1,1,4
2011-01-18 11:00:00,409,SKIP,3,,1,0.31957103283977301,0.10155195528382166,0.00024412775925030313,-0.084454161802164376,1.3789054378878192,2.0007647530136645,1.3879237321165818,5,0.20000000000000001,3.8393053368640899,0.64935064935065268,7,0.53800000000000003,2,1,11
2016-03-04 11:00:00,410,SKIP,7,,1,0.23972406097430807,0.16770097266777653,0.032839921419890505,0.067390805323540331,0.6667551799315995,2.2002920937740251,1.7267934603898141,5,0.69999999999999996,2.8337095147089602,0.28358208955223468,46,0.078,2,4,11
2021-08-11 03:00:00,411,SKIP,7,,-1,-0.48878682261423434,0.55562140631629187,-0.12489053956492312,0.091428235168825533,0.028867942387753132,4.7632104939632267,1.5276811498563914,0,1,5.4560411112670044,0,26,0.316,1,2,3
2016-02-17 10:00:00,412,SKIP,4,,-1,-0.59944954319377686,0.20379553196063388,0.21521191179759946,-0.051598572476743529,1.9897320983107043,2.1729968968392415,2.1715805007762961,1,0.80000000000000004,4.1365483096457893,0.55434782608694988,3,0.37,2,2,10
2021-04-14 03:00:00,413,TAKE,,A,1,-0.18264716849412235,0.9372206930831003,0.18075113937043974,0.10708855738582714,0.15539343133074426,4.6618029399207819,2.5730020051512699,0,1,4.778348013418805,0.11111111111111403,42,0.014,1,2,3
2015-11-16 13:00:00,414,SKIP,7,,-1,-0.69619555954500711,-0.26058761950699461,0.0068428979542495948,0.08894210784024309,0.77569380864169324,2.7260096703691792,1.359099029763251,3,0.40000000000000002,4.122258525924158,0.30630630630630956,3,0.98799999999999999,3,0,13
2019-06-14 09:00:00,415,SKIP,3,,-1,-1.2389359956805899,-0.042206615420487578,-0.040170669470823456,0.077887569637158982,0.05487392486716558,1.7285286333142047,0.4446718272034465,5,0.80000000000000004,3.3747463793277488,0.03333333333334991,4,0.59399999999999997,2,4,9
2013-09-11 12:00:00,416,TAKE,,A,-1,0.32680678544968378,0.07003434582843375,0.26079642150345228,-0.0089717685427058401,0.15606628190882565,3.032144905656279,1.0244476031196996,5,0.59999999999999998,3.2773919200843249,0.093750000000001388,0,0.63800000000000001,3,2,12
2020-11-05 04:00:00,417,SKIP,7,,1,-0.37048464981285473,0.088022204342795868,-0.1800260673020963,0.08414712881878221,0.51668673622191297,2.4284276602428823,0.86950612573265107,6,1,3.7459788376086895,0.59374999999999234,50,0.80000000000000004,1,3,4
2012-01-09 09:00:00,419,SKIP,3,,1,0.39280547260275217,-0.14664012907733465,0.083220411708200243,0.024023498272495471,0.51699091866309299,1.400183738045836,0.62360272184572396,5,0.90000000000000002,2.8434500526468889,0.41071428571426577,49,0.36599999999999999,2,0,9
2010-09-10 03:00:00,420,TAKE,,A,-1,-0.32379753395521121,0.20773136520003815,0.10316446135702985,0.12390275294782188,0.024027097823983771,3.7962814561875238,1.5089809155791192,4,1,5.0937447386819645,0,1,0.57199999999999995,1,4,3
2018-10-09 10:00:00,421,SKIP,4,,1,1.0484969378519895,0.65707707394735804,0.039443762738256762,-0.1102938433799476,1.0104423862073506,3.1061747427852717,1.3084737901949002,0,0.59999999999999998,4.6405502181370233,0.023255813953467621,17,0.44,2,1,10
2011-07-12 10:00:00,422,TAKE,,A,-1,-0.056197035459040319,-0.32074492194306109,0.19625096244488674,0.14284901824255802,0.078884747871289393,2.7609661754927464,0.71697023094687373,1,0.69999999999999996,3.4117653454303163,0.04411764705882476,47,0.40400000000000003,2,1,10
2019-06-25 04:00:00,423,SKIP,3,,1,-0.1564985371445034,-0.026565238353601164,-0.057847478397845611,0.090316208430464062,1.0279770591316519,3.0507706271002997,1.1589851669289866,4,1,4.2445504377047607,0.52173913043479336,4,0.23200000000000001,1,1,4
2013-02-05 09:00:00,424,SKIP,7,,1,0.83470154165362698,0.24443879627947776,0.48429756049670458,0.02435085128260674,1.1744342178377249,3.0606467495163772,2.1411887540291836,1,0.80000000000000004,4.1994920516619825,0.027777777777752557,1,0.438,2,1,9
2017-01-04 12:00:00,425,TAKE,,A,-1,0.43227501198185314,-0.38463876048305479,0.20480434594594971,0.15898481684492444,0.25262426429594914,2.7227281818558042,1.1377416242930476,1,0.59999999999999998,2.9472830834521746,0.11594202898551426,22,0.85199999999999998,3,2,12
2015-12-18 10:00:00,426,SKIP,3,,-1,-1.3281165284481167,-0.40633804020988795,0.11521876741439854,0.044837213973204178,0.80496564583397556,1.9758247670467568,1.016003269876788,3,0.80000000000000004,2.7442010653427582,0.32307692307693248,45,0.33200000000000002,2,4,10
2018-08-22 09:00:00,427,TAKE,,A,-1,-0.3558341698320841,1.3965088703209692,0.26943794873457638,0.10953171976962944,1.0110083854121965,5.661646958308002,4.0358479252734449,0,0,6.6322150083036346,0.36363636363635776,50,0.28799999999999998,2,2,9
2011-04-26 08:00:00,428,SKIP,3,,1,0.62108897070562374,-0.010971940690166736,0.17192045011453524,0.055970016993194711,0.87147381229777998,2.4024413203882173,1.4844308136588722,1,1,3.2503617864076357,0.31818181818185343,20,0.25,2,1,8
2015-10-08 08:00:00,430,SKIP,3,,1,0.29485551540388677,-0.3345350869470769,-0.037036515891998571,0.092636892064777709,0.38795366831683187,1.319042472276905,0.46492844499596736,1,1,3.0519021907583643,0.29787234042553384,16,0.64200000000000002,2,3,8
2014-02-12 03:00:00,431,SKIP,3,,1,0.72997565857254543,0.51692837698295557,0.080634557035471885,0.042713580067138886,0.37499880356938187,4.0416537718019034,1.5864154617953448,2,1,4.374986041641229,0.5,9,0.075999999999999998,1,2,3
2014-09-05 03:00:00,432,SKIP,7,,-1,-0.084513180885853703,-0.17468564270429962,-0.024824026315945581,0.11107071633932168,0.10212265639409356,2.3488210970607173,0.59124480166763738,4,1,4.5274377667982035,0.071428571428556922,13,0.60399999999999998,1,4,3
2012-04-13 07:00:00,433,SKIP,7,,-1,-0.48858902023268741,0.0020327893589037363,-0.22984617465773061,0.091430903764026752,0.17617037901806384,1.5561716813254378,0.52035511650580291,2,1,4.0519187174133817,0.13513513513508738,0,0.23000000000000001,1,4,7
2018-03-14 07:00:00,434,SKIP,7,,-1,-0.17595051193346639,-0.033409436892168839,0.20637048062168889,0.07167156886339679,0.2654673504701332,3.1856082056402779,1.0156203265998343,1,1,6.2953685968605644,0.19047619047618564,19,0.39800000000000002,1,2,7
2018-02-20 12:00:00,435,SKIP,3,,1,-0.38977071825612825,-0.30899922736278013,-0.18234315330135695,0.15808992270877281,0.17938640774844192,2.2602687376288997,0.62005641025179159,4,0.59999999999999998,4.1617646597611193,0.061538461538460362,6,0.46000000000000002,3,1,12
2017-12-26 10:00:00,436,TAKE,,A,1,0.33437632413545054,0.49979236402817384,0.0068107532926677677,0.14031334226361905,1.0213100335302892,2.9277554294529664,2.7830111536425801,0,0.80000000000000004,3.880978127414402,0.48275862068965858,20,0.182,2,1,10
2013-07-31 11:00:00,437,TAKE,,A,-1,0.5004512214430864,0.0017378106068109181,0.18680562552143812,0.031724782022343093,0.27941510401705372,2.6417428016147859,1.1365081504714925,5,0.69999999999999996,2.8957565325392687,0.13157894736841516,0,0.48199999999999998,2,2,11
2019-04-30 04:00:00,438,SKIP,4,,1,0.68398733014654423,0.39644074859596573,0.17531010112725623,0.052872785810830658,0.26891397024436453,4.0785285487040941,1.2898053433080725,1,1,4.3026235239076671,0.2500000000000222,13,0.49199999999999999,1,1,4
2011-01-03 04:00:00,439,SKIP,4,,1,0.58250126566728821,1.1076709793808064,0.047206954027428076,-0.17243154949637471,0.97340498849636703,7.1287600628115424,2.0121569523244114,1,1,8.9610518058635105,0.15624999999999445,15,0.39400000000000002,1,0,4
2017-01-11 10:00:00,441,TAKE,,A,-1,0.040351214151884703,-0.35120016336883364,0.3814615605085302,0.067170793919435631,0.83243216106299722,2.9135125637202766,1.4409424960663233,1,0.69999999999999996,3.6996984936130213,0.43589743589742141,50,0.34000000000000002,2,2,10
2012-10-11 09:00:00,442,SKIP,3,,-1,-0.49143646695725274,0.29856046952797655,0.1716259797253821,0.074694183386479637,1.1899578121725103,2.9870369570859645,2.3149394196809521,1,0.90000000000000002,4.6869766887609048,0.7058823529411753,2,0.39600000000000002,2,3,9
2021-06-10 04:00:00,443,TAKE,,A,1,0.88927168082735542,-0.46641665995709636,-0.074534844827843019,0.17848077112840835,0.12790010717891503,1.9611349767422732,0.26576746211780627,2,1,5.4144378705712217,0.066666666666698252,14,0.014,1,3,4
2016-05-10 05:00:00,444,TAKE,,A,-1,0.43882906071734362,-0.63809820230829062,0.23883578047571949,0.13870884706307696,0.53265798685272681,2.3499617067028886,0.68191719244116078,1,1,5.8592378553791944,0.20512820512820046,18,0.40200000000000002,1,1,5
2014-10-29 03:00:00,445,SKIP,4,,-1,-1.0916431716070789,0.77580225250595292,0.10708880481192751,-0.023445908878266683,0.43444043223701256,4.4780783015191643,1.8836999289848551,2,1,4.8791002389686566,0.42857142857144309,22,0.032000000000000001,1,2,3
2020-12-08 11:00:00,446,SKIP,3,,1,0.95105742639971869,-0.30438744605093582,0.028277506326384223,0.016522296451017507,0.51088823751402546,1.6786327804031373,0.61384293152802505,3,0.5,3.6856937134938312,0.063829787234044158,18,0.27200000000000002,2,1,11
2017-10-26 06:00:00,447,TAKE,,A,1,0.41684990596384819,-0.18314908825908055,0.05170884477210895,0.12141530465346725,0.43826022445384627,2.483474605237459,1.0235645888851193,1,1,3.7982552785984787,0.31250000000001943,20,0.025999999999999999,1,3,6
2013-05-07 07:00:00,448,SKIP,3,,1,0.31381425979775945,-0.18770385736434633,-0.082875438528549075,0.12499158544657805,0.36807072456949225,2.4349294086900386,0.56496236769565467,5,1,4.1054042355820526,0.31578947368422627,6,0.314,1,1,7
2015-09-21 11:00:00,449,SKIP,3,,-1,0.20466520335695912,0.26039323447816853,0.38634927020558046,-0.0126586363986351,0.39932950225589353,4.7653320602525584,1.5781050370845948,3,0.80000000000000004,5.1380395956913087,0.22580645161290766,2,0.27800000000000002,2,0,11
2012-01-27 11:00:00,450,SKIP,4,,1,0.0098133430144201322,-0.0014169458017632924,-0.0053228828436789255,0.035245634136782791,0.90371298377129694,1.5262708170358921,0.91269167414628161,3,0.69999999999999996,2.6308089083119026,0.29629629629629434,2,0.622,2,4,11
2016-10-13 07:00:00,452,SKIP,7,,1,0.86847177900376138,-0.47842428537682968,0.27387321452797697,0.18671385882766656,0.55434908515016768,2.402179368983699,0.85375395177406999,1,1,3.6956605676672267,0.57142857142855696,21,0.20999999999999999,1,3,7
2020-04-01 07:00:00,453,SKIP,3,,-1,-1.8617489275967938,-0.18824932165105562,0.048235488517630876,0.081012192896343344,0.10229248664466431,1.6878260296365386,0.5321089495801129,3,0.80000000000000004,2.4294465578101709,0.060000000000002274,18,0.032000000000000001,1,2,7
2021-05-24 09:00:00,454,SKIP,4,,-1,0.074435666831810118,1.0818886220967869,0.13477406874271688,-0.067940716570976459,0.61292346010717336,3.6483539292090827,2.3684753313989386,0,0.80000000000000004,4.2320905578825263,0.090909090909105594,22,0.48199999999999998,2,0,9
2011-02-16 12:00:00,455,TAKE,,A,-1,-0.61533971160927237,0.17299342907945758,0.19528835928064037,0.129993670722021,0.058063175184068547,3.6386256448681489,2.1740655977551833,5,0.59999999999999998,3.6773344283242131,0.010526315789479037,0,0.73599999999999999,3,2,12
2019-06-28 05:00:00,456,SKIP,4,,1,0.34769864627849895,0.0074299331147146628,-0.10321514527686682,0.065998466434625119,0.47771664707890105,1.9108665883153573,0.53076155558298443,2,1,4.1691634654153189,0.19999999999997159,1,0.0080000000000000002,1,4,5
2021-02-03 08:00:00,457,SKIP,4,,1,0.79258683936399033,0.75809140706911426,-0.1621456418200167,0.028478173160407367,0.30054867774748012,2.7478736251195306,1.5734931954593891,0,0.80000000000000004,3.0054867774744962,0.31578947368422627,50,0.14599999999999999,2,2,8
2014-05-29 12:00:00,458,TAKE,,A,1,0.59561239124026621,-0.16692806870390689,0.36706915217153985,0.15699229798589837,0.34732370021588499,3.5118285244032492,1.8879382883160085,3,0.59999999999999998,3.8205607023727604,0.14814814814814717,25,0.67600000000000005,3,3,12
2021-06-25 10:00:00,459,TAKE,,A,1,1.0671249339471689,0.16912501246219264,0.048204905638500585,0.14796157809412572,0.39213609829164103,2.9231963690832345,1.660354854536968,4,0.69999999999999996,3.2796837311665263,0.22222222222220117,1,0.45600000000000002,2,4,10
2019-02-19 03:00:00,460,SKIP,3,,1,0.5101569874778169,0.22727989947094815,-0.14882273413335623,0.15379119975261404,0.14419340457044408,2.1629010685550218,1.0660765324435328,4,1,3.5567706460682675,0.13333333333334912,50,0,1,1,3
2011-11-24 07:00:00,461,SKIP,3,,1,0.56765976457813039,0.13573852518149021,0.2244070766283815,-0.0060724065301396924,0.27144254931089434,3.0902690229234686,0.92065686313625772,5,1,3.6749145137468284,0.28205128205128016,2,0.059999999999999998,1,3,7
2016-02-23 07:00:00,463,SKIP,3,,1,-0.23482203916171451,0.38233306569434666,-0.10623979777461687,0.18328170147589304,0.29147562094910634,2.7528253089630073,1.6656441390370966,4,0,4.4045204943408161,0.34782608695653922,24,0.032000000000000001,1,1,7
2015-02-09 13:00:00,464,SKIP,3,,1,-0.031983110870564831,0.55122828223853904,0.11053425726424698,0.0192783191526016,1.2963608372150541,2.1439813846248024,2.2025416546468488,2,0.5,3.4237222111062988,0.30508474576269756,48,0.70599999999999996,3,0,13
2020-11-25 13:00:00,465,TAKE,,A,1,0.71051359893591914,0.79432679722384214,-0.091829120977203707,0.13918595490469152,0.060770432685660909,3.737381610166246,2.2301344385546775,0,0.5,3.7677668265090549,0.023809523809518975,50,0.502,3,2,13
2017-12-29 12:00:00,466,SKIP,4,,1,0.72191185749775311,0.402446728305071,-0.10014398063279165,0.072786211625110231,0.30213692608232945,2.5379501790902794,1.3338783698805812,2,0.40000000000000002,3.1422240312546377,0.18181818181817888,21,0.39400000000000002,3,4,12
2016-04-04 07:00:00,467,SKIP,3,,-1,0.047846473811087663,-0.60399525377151686,0.33890135768227819,0.15516449522574033,0.67734710085076832,2.0696716970436801,0.71237870767586109,1,1,3.8383002381537659,0.041666666666659267,34,0.26600000000000001,1,0,7
2012-08-03 03:00:00,468,TAKE,,A,-1,0.32384291527897219,-0.47162162013692394,0.14652331441978136,0.12857804360982308,0.026490507582681382,2.5695792355151248,0.28628323172000186,2,1,7.2848895852233007,0,16,0.20599999999999999,1,4,3
2010-07-13 07:00:00,469,SKIP,3,,-1,-0.15121923143982957,-0.22537803996812719,0.15958225532958781,0.20179696674454289,0.66425825035631136,2.6078286865838067,1.2557536221945189,1,1,4.5760012802319512,0.39130434782609502,19,0.26400000000000001,1,1,7
2015-01-30 04:00:00,470,SKIP,4,,-1,-1.1487248338923908,0.12513447171604464,0.14169183692628035,-0.0051410583357272815,0.30270843517026874,3.9352096572121078,0.99597459837449598,7,1,4.641529339275845,0.22222222222221782,5,0.01,1,4,4
2018-06-07 06:00:00,471,SKIP,3,,-1,-0.82189845321127364,-0.14309797206469649,0.039888763309336932,-0.0076918550758982166,0.15116645686533192,3.287870436820473,0.37042419781808544,5,1,4.8373266196898701,0.088235294117649521,20,0.48399999999999999,1,3,6
2010-11-02 12:00:00,472,SKIP,4,,1,0.24522316253229096,0.66449747801774761,0.012645282120185376,0.0041222252950268139,0.84002362946570208,3.0037208568772265,2.0464285595821905,0,0.59999999999999998,3.8182892248439559,0.26666666666669825,37,0.36599999999999999,3,1,12
2019-05-13 03:00:00,474,SKIP,3,,-1,-0.25716435907439994,-0.087085709559126229,0.082073943756349396,0.10713900485541013,0.18201797790175384,2.2206193304002588,0.67070367333104575,4,1,3.8223775359348648,0.23529411764709324,12,0.58799999999999997,1,0,3
2021-12-06 13:00:00,475,SKIP,3,,-1,-1.0931388778679034,0.40748839992538238,0.093370769413687979,0.039509667738900342,0.014398281544698665,3.8731377355219561,1.3440716872533358,1,0.5,3.8731377355219561,0,15,0.73199999999999998,3,0,13
2018-07-26 11:00:00,476,SKIP,7,,1,0.011483909872471391,0.217833558023068,-0.086967530074958929,0.11578934144563073,0.13028378668341503,2.2799662669594158,1.3386893227206067,4,0.69999999999999996,2.6708176270095687,0.060000000000002274,50,0.25,2,3,11
2014-04-28 04:00:00,477,SKIP,3,,-1,0.16039992822353832,-0.0090603136648457483,0.421257123487984,0.14557563701693726,0.30558276534018619,3.8852665878938795,1.4694438444078464,1,1,5.5004897761194433,0.46153846153849515,23,0.154,1,0,4
2013-01-24 09:00:00,478,TAKE,,A,1,0.97609788705106504,-0.27564722547147402,0.22510415772135775,0.17287078287022473,0.37139396137634567,3.9165181381500571,1.7078927538017388,1,0.90000000000000002,5.5033832458487879,0.14492753623187629,19,0.48399999999999999,2,3,9
2013-06-06 04:00:00,479,SKIP,3,,-1,-0.11643119072733343,0.27894956535676718,0.029499361438483855,0.046539123679859136,0.39957817656948219,1.9978908828471269,1.3797007857232324,6,1,3.1966254125553841,0.26829268292682079,50,0.071999999999999995,1,3,4
2017-12-05 10:00:00,480,TAKE,,A,1,0.69265743786961953,-0.53804871093933493,0.084915744571517723,0.21686001630794902,0.17588317346784055,2.6382476020150252,0.71339696329530233,1,0.80000000000000004,3.4004080203748899,0.07142857142855874,29,0.28399999999999997,2,1,10
2019-04-10 12:00:00,481,SKIP,4,,1,1.3963644636170462,0.22121953840827702,0.028292169641886359,-0.049600723539287676,0.49442879931516454,1.9777151972604665,1.2006910331203191,5,0.59999999999999998,2.5170920692405994,0.24999999999999112,8,0.45400000000000001,3,2,12
2020-05-27 06:00:00,482,SKIP,4,,1,0.99895570687454871,0.017022520796602165,-0.045230667398981766,0.10810118241804034,0.11303392461277247,2.3171954545614741,0.6463216776612889,6,1,4.0409628049059831,0.11538461538459331,0,0.042000000000000003,1,2,6
2021-04-27 04:00:00,483,SKIP,3,,1,0.22336102949929182,0.71538850744468496,0.19357903035685192,-0.033328579751225246,0.54350514297879338,6.4858280395464041,1.9929367409038068,1,1,6.99309950632657,0.12903225806451243,13,0.14799999999999999,1,1,4
2011-10-06 13:00:00,485,SKIP,3,,-1,-0.68501972654704923,0.61396465448441295,-0.012821540108380354,0.084379123122677133,0.35914422396310736,2.8603272122771446,2.0110325681965806,2,0.40000000000000002,3.2066448568129573,0.20769230769231375,42,0.77000000000000002,3,3,13
2015-05-18 03:00:00,486,SKIP,3,,1,0.71273135774054763,0.38917030130832475,0.23764153270065078,0.082684171690716235,0.61359524854172687,6.6813704841196966,2.5049067184900635,1,1,7.2608771077423313,0.24637681159420619,9,0.11600000000000001,1,0,3
2017-08-22 04:00:00,487,SKIP,3,,-1,-0.050894165011762436,-0.59558811314174087,0.1067036886715502,0.17142510393709537,0.43396599485472165,4.0916793800579363,0.46814847802326393,2,1,10.601169302877439,0,15,0.045999999999999999,1,1,4
2018-04-13 10:00:00,488,SKIP,3,,1,0.48617357326725141,0.34177127521505823,-0.0062998904672674303,0.026543358877527505,0.86056833751747819,1.6617871345163175,1.5443786063735332,2,0.59999999999999998,3.1752004177365443,0.60869565217390498,21,0.83999999999999997,2,4,10
2011-04-26 04:00:00,489,SKIP,3,,1,0.62108897070562374,-0.45597937739416194,-0.056750884307774474,0.17477666240723416,0.067138800243118829,2.1260620076966426,0.42733917217773726,2,1,5.6844184205784414,0.031746031746048217,16,0.36199999999999999,1,1,4
2016-02-18 06:00:00,490,SKIP,4,,1,-0.43538910701362082,0.90851260248847587,-0.027961896133839776,0.026563526480099357,0.053349459963257247,5.7884164060042664,1.7450035703177682,0,1,6.2152120857096609,0.030303030303045961,22,0.27600000000000002,1,3,6
2019-08-26 04:00:00,491,TAKE,,A,-1,-0.15854323339546975,-0.57823863759544636,0.2753665049887663,0.1827328153746787,0.32828209738492914,2.9545388764643086,0.76649719213717671,1,1,6.3131172574023591,0.27272727272726832,40,0.71199999999999997,1,0,4
2013-12-16 10:00:00,492,SKIP,4,,1,0.3746134825734343,0.32134015397600812,0.33203437440037786,-0.040407833064283361,0.79584836036688056,3.2140029937892969,2.018064787849589,1,0.80000000000000004,3.9792418018343589,0.21917808219177495,3,0.67000000000000004,2,0,10
2014-06-20 09:00:00,493,SKIP,3,,1,0.96562623272714732,0.32849749997699135,0.07048891240881254,0.13395925507489789,0.28797436663528986,4.5253114756941546,2.3923932084567845,5,0.90000000000000002,4.7721466470956644,0.078947368421056568,16,0.59599999999999997,2,4,9
2012-02-24 13:00:00,494,TAKE,,B,1,1.0787042496481813,0.6976750587713938,-0.12001144450577884,0.093041548930553178,0.43061504524616051,2.1530752262305448,2.0101494176089196,0,0.59999999999999998,2.5610263217268021,0.37499999999996297,50,0.622,3,4,13
2016-11-18 06:00:00,496,SKIP,3,,-1,-0.69349508313309682,-0.46648318698272262,0.016380477930278206,0.16195013725146037,0.3088044048100741,2.6419932411525582,0.77453297394861154,2,1,6.9652549084930833,0.16666666666666419,14,0.69199999999999995,1,4,6
2011-12-13 05:00:00,497,SKIP,3,,-1,0.33304597801476266,-0.25068657095845148,0.12883079804091424,0.060925389767321994,0.34337919247956489,1.3735167699178064,0.47629778183694582,1,1,3.5564273506801172,0.22807017543862973,23,0.056000000000000001,1,1,5
2020-11-03 09:00:00,498,SKIP,7,,-1,-0.56487407243567211,1.1446817099391708,0.1405462529809767,-0.045389311699950599,0.67778416748449777,3.7278129211645643,2.5056760569288512,0,0.59999999999999998,4.5115008648184745,0.47826086956521402,22,0.95999999999999996,2,1,9
2015-10-23 08:00:00,499,SKIP,7,,-1,-0.085599601518278459,0.036895752430522975,0.027196023695477734,-0.012815651667077299,0.25894428382583062,2.8853791626291598,0.78502893165156751,7,0.90000000000000002,3.2183075275479274,0.12000000000000455,0,0.13600000000000001,2,4,8
2014-07-21 08:00:00,500,SKIP,7,,-1,-0.50179805728330862,0.048055496763651055,0.049997508172364084,0.01177138682552983,0.79017560714948909,1.7449711324548527,1.289492493119742,5,1,2.7656146250227436,0.073170731707285788,0,0.72599999999999998,2,0,8
2021-09-17 09:00:00,501,SKIP,7,,1,0.55361310706601852,-0.14046471928355622,-0.08511325068955887,0.089010974758382849,0.066558821038367397,1.797088168035021,0.22465592047518168,4,1,3.327941051916667,0.030303030303002899,5,0.17599999999999999,2,4,9
2019-04-16 07:00:00,502,SKIP,7,,1,1.3116757866122242,-0.21987784920804471,0.09706131053722665,0.061286568570588083,0.89128674327461255,2.0447166463356874,0.97000020096902639,3,0.80000000000000004,3.7224328689700594,0.84210526315788692,36,0.16200000000000001,1,1,7
2012-05-28 03:00:00,503,SKIP,3,,-1,-1.5007997580590238,0.81402691430263796,0.20904584621375347,-0.046565401573991194,0.33499552269142507,4.1722169644279417,1.8074454673951261,6,1,4.4767583486927833,0.43478260869568175,22,0.20200000000000001,1,0,3
2017-10-17 10:00:00,504,SKIP,4,,1,0.34131640045594708,0.28763896858539917,0.016694456938312015,-0.062782992086096542,1.4327503813955926,1.4327503813954752,1.4827270549342555,3,0.80000000000000004,3.1961354661899208,0.30769230769230349,6,0.42199999999999999,2,1,10
2011-12-06 06:00:00,505,TAKE,,A,1,0.60515656763834647,-0.24841284393401811,0.038901108783513605,0.1221091066822661,0.1421870245477872,2.2038988804895903,0.7499855618194089,4,1,5.2846177456900971,0.087719298245630656,13,0.045999999999999999,1,1,6
2012-04-26 03:00:00,507,SKIP,4,,1,-0.19480101729409444,0.41502778217110858,0.020775509106050465,0.019495008255385859,0.50317679613708832,4.0972967685435489,1.3572274264740023,4,1,5.606827156954405,0.6190476190476577,12,0.094,1,3,3
2013-04-18 13:00:00,508,SKIP,1,,-1,-0.81301224522404358,0.33774146178168346,0.2838128395541869,0.050920100176767465,0.14252506307266519,4.3826456894822012,1.5777068694370853,1,0.5,4.5073551196707324,0.048192771084344985,6,0.93400000000000005,3,3,13
2020-05-29 13:00:00,509,SKIP,3,,1,0.92332644570189737,0.16721342278935084,0.06671388953526701,0.046013176052119346,1.1395491657613461,2.0380398541500591,1.5384271981778732,2,0.40000000000000002,3.1556746128775068,0.23404255319148873,2,0.38400000000000001,3,4,13
2018-09-11 11:00:00,510,TAKE,,A,-1,0.2389302270061236,0.30578718487915074,0.28181065523639282,0.20466244804480702,0.32530284102374102,4.3735159737627498,3.3777553699524305,7,0.59999999999999998,4.6626740546726797,0.076923076923075873,0,0.70999999999999996,2,1,11
2015-09-30 10:00:00,511,SKIP,3,,-1,-0.031665283607027042,0.25431531398160029,0.11580803122255157,0.053856627671663646,0.7267378783074353,2.6009566170999632,2.109583999100094,6,0.80000000000000004,3.9396842876660854,0.28124999999998823,5,0.045999999999999999,2,2,10
2013-06-12 09:00:00,512,SKIP,3,,1,0.14567386633600091,0.29027854013494153,0.2976681802096045,0.0010392936649548307,1.0435800127246704,2.5799616981246811,1.6332549696563918,3,0.90000000000000002,3.5945533771624603,0.24390243902440462,2,0.318,2,2,9
2020-04-23 09:00:00,513,SKIP,3,,-1,-0.75313105350114939,0.78881089034048102,-0.022492489118541622,0.062534985971106502,0.18473927054717804,2.8466642143404828,2.0135180264983066,0,0.90000000000000002,3.0230062453173279,0.15555555555555622,38,0.88,2,3,9
2018-09-12 03:00:00,514,SKIP,4,,1,0.31865588129390171,1.9300571499765466,0.034285611789213681,-0.20418676743061068,0.86673253846438691,9.5340579231079037,2.8685398279957872,2,1,10.978612153881805,0.18181818181814657,15,0.46800000000000003,1,2,3
2019-04-24 08:00:00,515,SKIP,3,,1,1.2852919469864701,0.094743860874621319,-0.066841255053659274,0.11160841206946857,0.04953697868775106,2.1796270622568228,1.0272866748827623,6,0.90000000000000002,4.1115692310753831,0,0,0.27400000000000002,2,2,8
2016-03-09 09:00:00,516,SKIP,4,,1,0.57650292651702917,0.1735419475341983,0.29036950160935049,0.025777787737708877,0.81025969930865982,3.6829986332207243,1.7732641791197292,1,0.80000000000000004,4.4564283461970797,0.28000000000000114,1,0.062,2,2,9
2012-11-30 10:00:00,518,SKIP,7,,-1,-0.15592826600001697,0.48737935764049389,0.039116989509493882,0.089318428768182856,0.53257604419320204,2.8404055690298362,2.0563805002080366,0,0.80000000000000004,3.3433940552122117,0.29824561403509425,30,0.32800000000000001,2,4,10
2017-06-22 06:00:00,519,TAKE,,A,-1,-1.1752231053515387,-0.60239932100585036,0.18167737492454533,0.13088597885387396,0.19205753347110743,3.0345090288432628,0.60369704074738173,2,1,8.2584739392569375,0.08695652173912842,50,0.64400000000000002,1,3,6
2021-06-22 10:00:00,520,TAKE,,A,1,0.98278560399694115,0.5723614117692496,-0.23053453094520493,0.15675219525897544,0.032206546116981476,2.5765236893534835,1.7246760960496255,2,1,3.2528611578088129,0,44,0.66400000000000003,2,1,10
2014-08-19 03:00:00,521,SKIP,3,,-1,-0.78762862394934396,0.51218872747838928,0.17945648258598543,-0.010905900879758471,0.51206245066156642,4.9344199791004906,1.6743784523734244,1,1,5.3999312978835281,0.52631578947366064,8,0.02,1,1,3
2016-02-09 03:00:00,522,SKIP,3,,-1,-0.47313659313269646,-0.42456619317116706,0.16477326793800748,0.031686993482947505,0.25317248245290791,2.2152592214624103,0.3472971443530446,1,1,3.6077078749530553,0.1489361702127518,50,0.050000000000000003,1,1,3
2012-03-13 03:00:00,523,SKIP,3,,1,0.53193422768196441,0.36855483052745719,0.26842234889577621,-0.055589941445066744,0.60413278632516554,5.1351286837629058,1.3742998411789951,1,1,5.705698537514297,0.6153846153845145,4,0.024,1,1,3
2014-07-01 03:00:00,524,SKIP,3,,1,0.475650323379395,0.33706143662799143,0.21453013484810574,-0.0009052624223968253,0.47829726675399564,4.7394910978332501,1.5162476257832975,3,1,5.1743067948821464,0.10526315789479196,6,0.314,1,1,3
2015-03-27 03:00:00,525,SKIP,4,,1,-0.10628660136070756,-0.0031863518904150126,-0.3346165343932101,0.063651678133942055,0.042053100478036988,1.7662302200754019,0.063567729044584728,4,1,3.9109383444526586,0.031249999999972244,1,0.81399999999999995,1,4,3
2010-10-18 09:00:00,526,TAKE,,A,1,0.66355829812540812,-0.35551176521810413,0.32523504472513526,0.16790223285482123,0.071408353886729128,3.260981494158973,1.0375593426852392,1,0.90000000000000002,4.570134648748331,0.03076923076922505,41,0.63,2,0,9
2018-09-14 04:00:00,527,SKIP,3,,1,0.34631833802303519,-0.5222795994584013,0.21275104342316103,0.12226344423978036,0.12694361418122607,3.0466467403464188,0.4016187375058366,1,1,5.8394062523306864,0.080000000000040927,24,0.42999999999999999,1,4,4
2021-03-02 05:00:00,529,TAKE,,A,1,1.0584000983361925,-0.90166937229095367,0.16782352024022881,0.19188932110491652,0.13276250149062771,2.6773771133935762,0.44015250854278803,1,1,6.3947271551301457,0.049504950495053823,22,0.878,1,1,5
2013-09-12 06:00:00,530,SKIP,3,,1,0.28016585973547509,0.049608060251457045,0.019130594707052268,0.086979606258248812,0.86254002954847253,2.3496780115284079,1.2233159547266237,4,1,3.6881021953103925,0.32352941176465916,1,0.122,1,3,6
2020-07-24 05:00:00,531,TAKE,,A,1,0.55358918972589621,-0.52796865350648126,-0.0024909344526772782,0.16909873934723313,0.25954961819818756,2.5213391482109535,0.55510006499677789,3,0.80000000000000004,5.042678296421907,0.13333333333333755,14,0.46600000000000003,1,4,5
2018-08-02 11:00:00,532,TAKE,,A,-1,0.057039059150200938,-0.28656912086121433,0.1885931874561308,0.28332422317525791,0.40015806459574182,4.247831762630927,2.1864117405923418,1,0.59999999999999998,4.6172084376423266,0.14285714285714768,50,0.52000000000000002,2,3,11
2012-05-21 12:00:00,533,SKIP,3,,-1,-1.5304120081926869,0.030781243975661884,0.15501481114725557,0.070125398472170086,0.58135200209287674,3.1489900113359166,1.1164147030982341,5,0.59999999999999998,3.7061190133415129,0.39473684210528281,0,0.55600000000000005,3,0,12
2021-08-13 06:00:00,534,SKIP,3,,-1,-0.42372397560505942,-0.24409897786828824,-0.029084101624922611,0.13996766294474863,0.22139749579202511,2.6251417358194891,0.85329140732335296,2,0.90000000000000002,4.0167831379406351,0.11320754716981536,11,0.17399999999999999,1,4,6
2017-06-01 03:00:00,535,SKIP,3,,-1,0.034198644573865525,-0.090894867426799447,0.30451983498209961,-0.031132968876033517,0.38751378616751492,4.5209941719534736,0.59578037820859164,1,1,5.0807363075286442,0.5,44,0.46800000000000003,1,3,3
2010-12-13 04:00:00,536,SKIP,3,,1,0.61025720944732598,0.090993410443951733,0.25212622033403842,0.050631403021535314,0.25050717040473391,3.5627686457560834,0.97207759977959174,4,1,5.4833236188589645,0.28000000000002956,1,0.078,1,0,4
2010-06-14 08:00:00,537,SKIP,3,,-1,,0.50842614473252101,0.28117124609419453,-0.00073561451154756179,0.8671801694561283,4.7583732375283203,2.1359699744165641,3,1,5.6033180180239928,0.36507936507935146,5,,2,0,8
2016-01-08 08:00:00,538,SKIP,4,,-1,-0.97022536028721451,0.0083090553761902084,0.019859057426450753,-0.053834761265229659,0.12911523060814878,1.6268519056620983,0.44571812883789369,4,0.90000000000000002,3.1504116268376996,0.054545454545455486,0,0.874,2,4,8
